time,festivalId,nazivFestivala,tipKarte,tierKupca,promoKoriscen,kolicina,ukupnaCena,cenaPoPKarti
2025-03-26T03:04:48Z,F001,EXIT Festival,VIP All Access,BRONZE,true,1,12969.44,12969.44
2025-03-01T15:19:48Z,F001,EXIT Festival,VIP All Access,BRONZE,true,1,11043.54,11043.54
2025-06-23T15:31:48Z,F001,EXIT Festival,VIP All Access,BRONZE,false,2,40356.0,20178.0
2024-12-08T08:01:48Z,F001,EXIT Festival,VIP All Access,BRONZE,true,2,23411.04,11705.52
2025-11-11T05:22:48Z,F001,EXIT Festival,VIP All Access,BRONZE,false,2,30420.0,15210.0
2025-08-29T04:03:48Z,F001,EXIT Festival,VIP All Access,BRONZE,false,1,20238.0,20238.0
2025-12-24T04:52:48Z,F001,EXIT Festival,VIP All Access,BRONZE,false,2,29638.0,14819.0
2025-02-11T03:59:48Z,F001,EXIT Festival,VIP All Access,BRONZE,false,2,29052.0,14526.0
2025-07-28T05:41:48Z,F001,EXIT Festival,VIP All Access,BRONZE,true,2,32599.2,16299.6
2025-09-01T04:55:48Z,F001,EXIT Festival,VIP All Access,BRONZE,true,1,13739.88,13739.88
2025-07-14T13:10:48Z,F001,EXIT Festival,VIP All Access,SILVER,true,1,19840.5,19840.5
2025-10-21T14:34:48Z,F001,EXIT Festival,VIP All Access,SILVER,true,2,22904.68,11452.34
2026-03-16T06:33:48Z,F001,EXIT Festival,VIP All Access,SILVER,false,2,28256.0,14128.0
2026-02-13T14:40:48Z,F001,EXIT Festival,VIP All Access,SILVER,false,1,14487.0,14487.0
2025-03-05T04:12:48Z,F001,EXIT Festival,VIP All Access,SILVER,false,1,13993.0,13993.0
2026-02-07T04:41:48Z,F001,EXIT Festival,VIP All Access,SILVER,false,2,30434.0,15217.0
2024-12-13T06:00:48Z,F001,EXIT Festival,VIP All Access,SILVER,false,2,34964.0,17482.0
2025-11-15T05:35:48Z,F001,EXIT Festival,VIP All Access,SILVER,true,2,24420.48,12210.24
2025-08-28T07:49:48Z,F001,EXIT Festival,VIP All Access,SILVER,false,2,45778.0,22889.0
2026-05-05T08:26:48Z,F001,EXIT Festival,VIP All Access,SILVER,false,1,15183.0,15183.0
2024-12-02T12:48:48Z,F001,EXIT Festival,VIP All Access,SILVER,false,2,27176.0,13588.0
2025-10-12T09:20:48Z,F001,EXIT Festival,VIP All Access,SILVER,true,1,12104.72,12104.72
2025-02-10T06:25:48Z,F001,EXIT Festival,VIP All Access,SILVER,false,1,16469.0,16469.0
2026-02-08T09:16:48Z,F001,EXIT Festival,VIP All Access,SILVER,false,1,15927.0,15927.0
2026-01-14T13:45:48Z,F001,EXIT Festival,VIP All Access,GOLD,true,4,61067.04,15266.76
2025-11-13T02:54:48Z,F001,EXIT Festival,VIP All Access,GOLD,true,2,25268.94,12634.47
2025-01-31T09:21:48Z,F001,EXIT Festival,VIP All Access,GOLD,true,3,45340.92,15113.64
2026-04-13T08:51:48Z,F001,EXIT Festival,VIP All Access,GOLD,true,4,46795.4,11698.85
2026-01-22T08:23:48Z,F001,EXIT Festival,VIP All Access,GOLD,false,4,55744.0,13936.0
2026-01-26T17:12:48Z,F001,EXIT Festival,VIP All Access,GOLD,true,1,13256.99,13256.99
2025-03-23T09:29:48Z,F001,EXIT Festival,VIP All Access,GOLD,true,4,49958.88,12489.72
2026-03-20T10:12:48Z,F001,EXIT Festival,VIP All Access,GOLD,false,4,70620.0,17655.0
2025-03-12T03:58:48Z,F001,EXIT Festival,VIP All Access,GOLD,false,1,17997.0,17997.0
2025-08-01T07:43:48Z,F001,EXIT Festival,VIP All Access,GOLD,false,2,40782.0,20391.0
2025-01-31T07:41:48Z,F001,EXIT Festival,VIP All Access,GOLD,false,4,54040.0,13510.0
2026-03-12T11:44:48Z,F001,EXIT Festival,VIP All Access,GOLD,true,4,57224.4,14306.1
2025-01-30T04:04:48Z,F001,EXIT Festival,VIP All Access,GOLD,false,1,14911.0,14911.0
2026-04-30T07:20:48Z,F001,EXIT Festival,VIP All Access,GOLD,false,1,17824.0,17824.0
2025-02-10T05:00:48Z,F001,EXIT Festival,VIP All Access,GOLD,true,4,53524.24,13381.06
2025-08-11T03:56:48Z,F001,EXIT Festival,VIP All Access,GOLD,false,3,54090.0,18030.0
2025-06-29T12:32:48Z,F001,EXIT Festival,VIP All Access,GOLD,false,2,38208.0,19104.0
2025-10-05T16:37:48Z,F001,EXIT Festival,VIP All Access,GOLD,true,1,14321.61,14321.61
2025-03-14T04:51:48Z,F001,EXIT Festival,Regular,BRONZE,true,2,8194.0,4097.0
2025-02-10T09:40:48Z,F001,EXIT Festival,Regular,BRONZE,false,2,9854.0,4927.0
2025-10-07T02:59:48Z,F001,EXIT Festival,Regular,BRONZE,false,2,11452.0,5726.0
2025-03-18T06:33:48Z,F001,EXIT Festival,Regular,BRONZE,false,1,4673.0,4673.0
2025-05-10T10:35:48Z,F001,EXIT Festival,Regular,BRONZE,true,2,8651.2,4325.6
2025-08-29T17:33:48Z,F001,EXIT Festival,Regular,BRONZE,true,1,6396.6,6396.6
2025-09-11T03:17:48Z,F001,EXIT Festival,Regular,BRONZE,false,1,5000.0,5000.0
2025-08-27T08:04:48Z,F001,EXIT Festival,Regular,BRONZE,false,2,13424.0,6712.0
2025-03-26T05:13:48Z,F001,EXIT Festival,Regular,BRONZE,false,1,5537.0,5537.0
2025-12-15T06:44:48Z,F001,EXIT Festival,Regular,BRONZE,false,2,9382.0,4691.0
2025-01-11T13:30:48Z,F001,EXIT Festival,Regular,SILVER,false,1,5523.0,5523.0
2026-01-22T07:16:48Z,F001,EXIT Festival,Regular,SILVER,false,1,5895.0,5895.0
2025-06-01T15:18:48Z,F001,EXIT Festival,Regular,SILVER,false,2,12400.0,6200.0
2026-01-27T09:34:48Z,F001,EXIT Festival,Regular,SILVER,false,1,4739.0,4739.0
2025-01-10T17:31:48Z,F001,EXIT Festival,Regular,SILVER,false,2,9598.0,4799.0
2025-07-23T09:18:48Z,F001,EXIT Festival,Regular,SILVER,false,2,14274.0,7137.0
2025-02-11T10:39:48Z,F001,EXIT Festival,Regular,SILVER,false,2,10924.0,5462.0
2025-11-06T02:24:48Z,F001,EXIT Festival,Regular,SILVER,true,2,8840.32,4420.16
2025-08-30T03:23:48Z,F001,EXIT Festival,Regular,SILVER,false,2,14026.0,7013.0
2025-10-19T15:55:48Z,F001,EXIT Festival,Regular,SILVER,false,1,5976.0,5976.0
2025-06-14T10:19:48Z,F001,EXIT Festival,Regular,SILVER,false,1,7232.0,7232.0
2025-06-21T13:44:48Z,F001,EXIT Festival,Regular,SILVER,false,2,11972.0,5986.0
2025-04-08T11:49:48Z,F001,EXIT Festival,Regular,SILVER,false,2,9928.0,4964.0
2025-09-30T06:29:48Z,F001,EXIT Festival,Regular,SILVER,false,2,10262.0,5131.0
2025-05-29T11:42:48Z,F001,EXIT Festival,Regular,GOLD,false,1,5322.0,5322.0
2025-07-05T16:07:48Z,F001,EXIT Festival,Regular,GOLD,false,3,20943.0,6981.0
2026-02-27T08:49:48Z,F001,EXIT Festival,Regular,GOLD,false,2,10420.0,5210.0
2025-09-18T12:22:48Z,F001,EXIT Festival,Regular,GOLD,false,2,11456.0,5728.0
2025-07-20T08:26:48Z,F001,EXIT Festival,Regular,GOLD,false,2,11796.0,5898.0
2025-02-14T16:43:48Z,F001,EXIT Festival,Regular,GOLD,false,2,11658.0,5829.0
2025-12-30T17:42:48Z,F001,EXIT Festival,Regular,GOLD,false,1,4866.0,4866.0
2025-03-21T15:31:48Z,F001,EXIT Festival,Regular,GOLD,true,4,16388.16,4097.04
2025-04-05T16:25:48Z,F001,EXIT Festival,Regular,GOLD,false,3,17106.0,5702.0
2026-02-28T16:10:48Z,F001,EXIT Festival,Regular,GOLD,false,4,23440.0,5860.0
2026-04-02T16:33:48Z,F001,EXIT Festival,Regular,GOLD,false,3,16884.0,5628.0
2026-05-19T17:57:48Z,F001,EXIT Festival,Regular,GOLD,true,4,16714.96,4178.74
2025-09-06T12:37:48Z,F001,EXIT Festival,Regular,GOLD,true,1,5080.8,5080.8
2025-05-07T08:21:48Z,F001,EXIT Festival,Regular,GOLD,false,3,15366.0,5122.0
2026-01-31T03:30:48Z,F001,EXIT Festival,Regular,GOLD,false,4,22996.0,5749.0
2024-12-22T14:47:48Z,F001,EXIT Festival,Regular,GOLD,false,3,13527.0,4509.0
2026-01-05T15:51:48Z,F001,EXIT Festival,Regular,GOLD,false,2,11242.0,5621.0
2025-09-07T15:48:48Z,F001,EXIT Festival,Regular,GOLD,false,3,13632.0,4544.0
2026-01-20T08:10:48Z,F001,EXIT Festival,Fan Pit Pass,BRONZE,false,1,8322.0,8322.0
2024-12-29T14:54:48Z,F001,EXIT Festival,Fan Pit Pass,BRONZE,true,1,7186.2,7186.2
2026-03-19T07:20:48Z,F001,EXIT Festival,Fan Pit Pass,BRONZE,true,2,13300.8,6650.4
2025-12-25T11:05:48Z,F001,EXIT Festival,Fan Pit Pass,BRONZE,false,2,18966.0,9483.0
2025-02-23T17:18:48Z,F001,EXIT Festival,Fan Pit Pass,BRONZE,false,1,8998.0,8998.0
2025-11-25T09:58:48Z,F001,EXIT Festival,Fan Pit Pass,BRONZE,false,1,7365.0,7365.0
2025-08-12T09:10:48Z,F001,EXIT Festival,Fan Pit Pass,BRONZE,true,1,7821.92,7821.92
2025-03-29T08:46:48Z,F001,EXIT Festival,Fan Pit Pass,BRONZE,true,2,14383.98,7191.99
2025-03-29T07:36:48Z,F001,EXIT Festival,Fan Pit Pass,BRONZE,false,1,7459.0,7459.0
2025-12-21T15:02:48Z,F001,EXIT Festival,Fan Pit Pass,BRONZE,true,1,5987.28,5987.28
2025-04-04T03:39:48Z,F001,EXIT Festival,Fan Pit Pass,SILVER,true,2,13566.4,6783.2
2024-12-14T16:09:48Z,F001,EXIT Festival,Fan Pit Pass,SILVER,false,2,16752.0,8376.0
2026-03-17T06:44:48Z,F001,EXIT Festival,Fan Pit Pass,SILVER,false,2,15246.0,7623.0
2026-04-11T16:44:48Z,F001,EXIT Festival,Fan Pit Pass,SILVER,false,2,18364.0,9182.0
2025-08-10T04:34:48Z,F001,EXIT Festival,Fan Pit Pass,SILVER,false,1,12111.0,12111.0
2025-12-25T12:18:48Z,F001,EXIT Festival,Fan Pit Pass,SILVER,true,2,14591.64,7295.82
2025-08-23T12:34:48Z,F001,EXIT Festival,Fan Pit Pass,SILVER,false,2,24214.0,12107.0
2026-05-15T08:22:48Z,F001,EXIT Festival,Fan Pit Pass,SILVER,false,2,15558.0,7779.0
2025-08-05T17:58:48Z,F001,EXIT Festival,Fan Pit Pass,SILVER,false,2,23162.0,11581.0
2025-03-07T11:31:48Z,F001,EXIT Festival,Fan Pit Pass,SILVER,false,1,8171.0,8171.0
2025-12-14T17:52:48Z,F001,EXIT Festival,Fan Pit Pass,SILVER,false,2,16948.0,8474.0
2025-11-05T14:01:48Z,F001,EXIT Festival,Fan Pit Pass,SILVER,false,2,16578.0,8289.0
2025-04-04T08:37:48Z,F001,EXIT Festival,Fan Pit Pass,SILVER,true,1,5914.73,5914.73
2025-09-11T11:23:48Z,F001,EXIT Festival,Fan Pit Pass,SILVER,true,2,16004.52,8002.26
2024-12-16T06:34:48Z,F001,EXIT Festival,Fan Pit Pass,GOLD,false,1,7309.0,7309.0
2025-04-10T17:23:48Z,F001,EXIT Festival,Fan Pit Pass,GOLD,false,3,27885.0,9295.0
2026-02-26T12:28:48Z,F001,EXIT Festival,Fan Pit Pass,GOLD,false,3,28551.0,9517.0
2026-04-05T06:09:48Z,F001,EXIT Festival,Fan Pit Pass,GOLD,true,4,23836.68,5959.17
2025-01-25T06:26:48Z,F001,EXIT Festival,Fan Pit Pass,GOLD,true,3,23599.26,7866.42
2026-02-01T10:06:48Z,F001,EXIT Festival,Fan Pit Pass,GOLD,false,4,33816.0,8454.0
2025-10-02T15:36:48Z,F001,EXIT Festival,Fan Pit Pass,GOLD,false,1,8565.0,8565.0
2025-03-13T08:57:48Z,F001,EXIT Festival,Fan Pit Pass,GOLD,true,1,6704.22,6704.22
2025-02-16T07:17:48Z,F001,EXIT Festival,Fan Pit Pass,GOLD,false,4,32720.0,8180.0
2025-07-27T12:02:48Z,F001,EXIT Festival,Fan Pit Pass,GOLD,true,4,35232.48,8808.12
2025-08-29T08:44:48Z,F001,EXIT Festival,Fan Pit Pass,GOLD,false,2,19436.0,9718.0
2025-08-31T06:21:48Z,F001,EXIT Festival,Fan Pit Pass,GOLD,false,3,28638.0,9546.0
2025-09-23T16:24:48Z,F001,EXIT Festival,Fan Pit Pass,GOLD,false,3,24975.0,8325.0
2025-09-06T17:45:48Z,F001,EXIT Festival,Fan Pit Pass,GOLD,false,1,7393.0,7393.0
2025-10-28T10:18:48Z,F001,EXIT Festival,Fan Pit Pass,GOLD,false,1,7419.0,7419.0
2025-09-03T04:05:48Z,F001,EXIT Festival,Fan Pit Pass,GOLD,false,4,36060.0,9015.0
2026-02-27T10:28:48Z,F001,EXIT Festival,Fan Pit Pass,GOLD,false,4,38372.0,9593.0
2026-04-19T04:47:48Z,F001,EXIT Festival,Fan Pit Pass,GOLD,false,3,24105.0,8035.0
2025-03-19T07:38:48Z,F001,EXIT Festival,Backstage Experience,BRONZE,false,2,51174.0,25587.0
2026-01-16T03:46:48Z,F001,EXIT Festival,Backstage Experience,BRONZE,false,2,46320.0,23160.0
2026-01-19T02:59:48Z,F001,EXIT Festival,Backstage Experience,BRONZE,false,2,58040.0,29020.0
2025-06-12T13:56:48Z,F001,EXIT Festival,Backstage Experience,BRONZE,false,2,73250.0,36625.0
2025-06-28T10:52:48Z,F001,EXIT Festival,Backstage Experience,BRONZE,false,2,61054.0,30527.0
2026-04-12T05:18:48Z,F001,EXIT Festival,Backstage Experience,BRONZE,false,1,29799.0,29799.0
2025-10-16T02:52:48Z,F001,EXIT Festival,Backstage Experience,BRONZE,false,1,25560.0,25560.0
2025-03-28T16:24:48Z,F001,EXIT Festival,Backstage Experience,BRONZE,false,1,27358.0,27358.0
2025-09-26T10:43:48Z,F001,EXIT Festival,Backstage Experience,BRONZE,true,2,47166.4,23583.2
2025-12-29T09:15:48Z,F001,EXIT Festival,Backstage Experience,BRONZE,false,1,26995.0,26995.0
2025-09-10T15:38:48Z,F001,EXIT Festival,Backstage Experience,SILVER,false,2,59014.0,29507.0
2025-09-17T12:10:48Z,F001,EXIT Festival,Backstage Experience,SILVER,false,2,53804.0,26902.0
2026-03-04T17:39:48Z,F001,EXIT Festival,Backstage Experience,SILVER,false,2,49986.0,24993.0
2025-10-27T09:01:48Z,F001,EXIT Festival,Backstage Experience,SILVER,true,2,37893.96,18946.98
2025-01-15T13:04:48Z,F001,EXIT Festival,Backstage Experience,SILVER,false,2,52094.0,26047.0
2025-05-06T17:19:48Z,F001,EXIT Festival,Backstage Experience,SILVER,false,2,46894.0,23447.0
2026-02-25T05:50:48Z,F001,EXIT Festival,Backstage Experience,SILVER,false,1,29328.0,29328.0
2026-01-25T06:21:48Z,F001,EXIT Festival,Backstage Experience,SILVER,false,2,52042.0,26021.0
2026-01-13T05:11:48Z,F001,EXIT Festival,Backstage Experience,SILVER,false,2,49928.0,24964.0
2026-04-15T03:56:48Z,F001,EXIT Festival,Backstage Experience,SILVER,false,2,46026.0,23013.0
2025-03-04T15:23:48Z,F001,EXIT Festival,Backstage Experience,SILVER,false,1,28203.0,28203.0
2025-10-04T02:19:48Z,F001,EXIT Festival,Backstage Experience,SILVER,false,1,24933.0,24933.0
2025-12-20T15:26:48Z,F001,EXIT Festival,Backstage Experience,SILVER,false,2,48662.0,24331.0
2025-06-04T07:28:48Z,F001,EXIT Festival,Backstage Experience,SILVER,false,2,60040.0,30020.0
2025-08-05T18:15:48Z,F001,EXIT Festival,Backstage Experience,GOLD,false,2,69872.0,34936.0
2025-08-19T16:33:48Z,F001,EXIT Festival,Backstage Experience,GOLD,false,4,143008.0,35752.0
2025-05-12T04:45:48Z,F001,EXIT Festival,Backstage Experience,GOLD,false,3,88767.0,29589.0
2026-02-09T10:46:48Z,F001,EXIT Festival,Backstage Experience,GOLD,false,2,57680.0,28840.0
2026-04-10T05:32:48Z,F001,EXIT Festival,Backstage Experience,GOLD,false,3,76080.0,25360.0
2025-09-30T03:10:48Z,F001,EXIT Festival,Backstage Experience,GOLD,true,3,63379.47,21126.49
2025-01-21T18:10:48Z,F001,EXIT Festival,Backstage Experience,GOLD,false,3,87843.0,29281.0
2025-07-25T13:31:48Z,F001,EXIT Festival,Backstage Experience,GOLD,false,3,106371.0,35457.0
2025-04-21T06:14:48Z,F001,EXIT Festival,Backstage Experience,GOLD,false,1,27206.0,27206.0
2026-02-26T03:54:48Z,F001,EXIT Festival,Backstage Experience,GOLD,true,2,43405.92,21702.96
2026-01-31T07:29:48Z,F001,EXIT Festival,Backstage Experience,GOLD,false,3,70473.0,23491.0
2025-09-07T07:33:48Z,F001,EXIT Festival,Backstage Experience,GOLD,false,4,117420.0,29355.0
2025-09-30T13:08:48Z,F001,EXIT Festival,Backstage Experience,GOLD,true,1,17756.64,17756.64
2026-01-12T13:22:48Z,F001,EXIT Festival,Backstage Experience,GOLD,false,1,28430.0,28430.0
2025-04-07T16:40:48Z,F001,EXIT Festival,Backstage Experience,GOLD,false,3,82638.0,27546.0
2025-12-17T06:00:48Z,F001,EXIT Festival,Backstage Experience,GOLD,false,1,24254.0,24254.0
2025-11-02T09:58:48Z,F001,EXIT Festival,Backstage Experience,GOLD,false,4,91896.0,22974.0
2025-10-07T15:24:48Z,F001,EXIT Festival,Backstage Experience,GOLD,false,1,23548.0,23548.0
2026-04-20T05:23:48Z,F001,EXIT Festival,Day Pass,BRONZE,false,1,2911.0,2911.0
2025-12-16T15:54:48Z,F001,EXIT Festival,Day Pass,BRONZE,false,1,3368.0,3368.0
2025-03-13T17:56:48Z,F001,EXIT Festival,Day Pass,BRONZE,true,2,5152.56,2576.28
2026-03-01T16:32:48Z,F001,EXIT Festival,Day Pass,BRONZE,false,1,3470.0,3470.0
2025-12-13T13:20:48Z,F001,EXIT Festival,Day Pass,BRONZE,false,1,3058.0,3058.0
2026-03-12T04:59:48Z,F001,EXIT Festival,Day Pass,BRONZE,true,1,2457.35,2457.35
2025-04-09T08:21:48Z,F001,EXIT Festival,Day Pass,BRONZE,false,1,3447.0,3447.0
2025-07-28T13:06:48Z,F001,EXIT Festival,Day Pass,BRONZE,false,1,3683.0,3683.0
2025-04-29T06:51:48Z,F001,EXIT Festival,Day Pass,BRONZE,true,1,2253.02,2253.02
2025-04-15T02:39:48Z,F001,EXIT Festival,Day Pass,BRONZE,false,1,3411.0,3411.0
2024-12-18T07:33:48Z,F001,EXIT Festival,Day Pass,SILVER,false,2,5494.0,2747.0
2025-02-05T17:45:48Z,F001,EXIT Festival,Day Pass,SILVER,false,1,3400.0,3400.0
2025-07-16T04:03:48Z,F001,EXIT Festival,Day Pass,SILVER,false,2,8852.0,4426.0
2025-01-02T03:47:48Z,F001,EXIT Festival,Day Pass,SILVER,false,2,6926.0,3463.0
2026-04-18T16:21:48Z,F001,EXIT Festival,Day Pass,SILVER,false,2,7018.0,3509.0
2025-02-07T06:34:48Z,F001,EXIT Festival,Day Pass,SILVER,false,2,6524.0,3262.0
2025-09-29T16:49:48Z,F001,EXIT Festival,Day Pass,SILVER,false,1,3245.0,3245.0
2025-03-29T08:44:48Z,F001,EXIT Festival,Day Pass,SILVER,false,1,3106.0,3106.0
2026-03-11T14:43:48Z,F001,EXIT Festival,Day Pass,SILVER,false,2,6714.0,3357.0
2025-08-20T13:26:48Z,F001,EXIT Festival,Day Pass,SILVER,true,2,6729.84,3364.92
2025-03-07T15:23:48Z,F001,EXIT Festival,Day Pass,SILVER,false,2,6740.0,3370.0
2025-02-01T12:59:48Z,F001,EXIT Festival,Day Pass,SILVER,false,2,5620.0,2810.0
2026-02-08T03:35:48Z,F001,EXIT Festival,Day Pass,SILVER,true,2,5313.6,2656.8
2025-05-09T17:31:48Z,F001,EXIT Festival,Day Pass,SILVER,false,2,6926.0,3463.0
2025-12-13T06:05:48Z,F001,EXIT Festival,Day Pass,GOLD,false,2,5902.0,2951.0
2024-12-28T10:18:48Z,F001,EXIT Festival,Day Pass,GOLD,false,3,8586.0,2862.0
2025-11-26T02:28:48Z,F001,EXIT Festival,Day Pass,GOLD,true,4,11006.28,2751.57
2025-01-02T05:04:48Z,F001,EXIT Festival,Day Pass,GOLD,false,4,12708.0,3177.0
2025-11-16T07:40:48Z,F001,EXIT Festival,Day Pass,GOLD,false,3,8940.0,2980.0
2025-02-26T03:26:48Z,F001,EXIT Festival,Day Pass,GOLD,false,1,2842.0,2842.0
2025-09-06T16:59:48Z,F001,EXIT Festival,Day Pass,GOLD,false,4,12328.0,3082.0
2025-07-10T05:39:48Z,F001,EXIT Festival,Day Pass,GOLD,false,3,12039.0,4013.0
2026-04-14T11:19:48Z,F001,EXIT Festival,Day Pass,GOLD,true,1,2463.3,2463.3
2025-07-06T07:05:48Z,F001,EXIT Festival,Day Pass,GOLD,true,3,9484.41,3161.47
2026-02-15T07:25:48Z,F001,EXIT Festival,Day Pass,GOLD,false,2,6084.0,3042.0
2025-11-29T04:42:48Z,F001,EXIT Festival,Day Pass,GOLD,false,1,3476.0,3476.0
2026-03-17T05:12:48Z,F001,EXIT Festival,Day Pass,GOLD,false,4,11928.0,2982.0
2026-02-02T11:24:48Z,F001,EXIT Festival,Day Pass,GOLD,true,3,6988.2,2329.4
2026-03-18T13:22:48Z,F001,EXIT Festival,Day Pass,GOLD,true,1,2505.33,2505.33
2026-05-22T04:42:48Z,F001,EXIT Festival,Day Pass,GOLD,true,3,8150.22,2716.74
2025-02-18T05:50:48Z,F001,EXIT Festival,Day Pass,GOLD,false,3,9477.0,3159.0
2025-05-02T09:23:48Z,F001,EXIT Festival,Day Pass,GOLD,true,2,4984.32,2492.16
2025-02-17T08:06:48Z,F002,Belgrade Beer Fest,VIP All Access,BRONZE,false,2,29386.0,14693.0
2026-03-06T13:12:48Z,F002,Belgrade Beer Fest,VIP All Access,BRONZE,true,2,28625.96,14312.98
2026-02-27T12:07:48Z,F002,Belgrade Beer Fest,VIP All Access,BRONZE,false,1,13262.0,13262.0
2025-02-15T11:46:48Z,F002,Belgrade Beer Fest,VIP All Access,BRONZE,false,1,13980.0,13980.0
2025-09-21T04:58:48Z,F002,Belgrade Beer Fest,VIP All Access,BRONZE,false,1,20867.0,20867.0
2026-05-05T14:46:48Z,F002,Belgrade Beer Fest,VIP All Access,BRONZE,false,1,14500.0,14500.0
2025-06-12T12:55:48Z,F002,Belgrade Beer Fest,VIP All Access,BRONZE,false,1,14076.0,14076.0
2026-03-08T06:08:48Z,F002,Belgrade Beer Fest,VIP All Access,BRONZE,false,2,31582.0,15791.0
2025-02-26T07:19:48Z,F002,Belgrade Beer Fest,VIP All Access,BRONZE,false,2,26306.0,13153.0
2026-05-22T07:40:48Z,F002,Belgrade Beer Fest,VIP All Access,BRONZE,false,2,27320.0,13660.0
2025-11-13T04:07:48Z,F002,Belgrade Beer Fest,VIP All Access,SILVER,true,2,26174.9,13087.45
2026-01-01T11:33:48Z,F002,Belgrade Beer Fest,VIP All Access,SILVER,false,1,15081.0,15081.0
2025-04-25T13:36:48Z,F002,Belgrade Beer Fest,VIP All Access,SILVER,true,2,25389.02,12694.51
2025-02-26T11:52:48Z,F002,Belgrade Beer Fest,VIP All Access,SILVER,false,2,27352.0,13676.0
2026-05-25T04:58:48Z,F002,Belgrade Beer Fest,VIP All Access,SILVER,true,2,25270.5,12635.25
2025-07-09T13:06:48Z,F002,Belgrade Beer Fest,VIP All Access,SILVER,false,1,14119.0,14119.0
2025-05-09T04:35:48Z,F002,Belgrade Beer Fest,VIP All Access,SILVER,false,1,15570.0,15570.0
2026-05-25T03:59:48Z,F002,Belgrade Beer Fest,VIP All Access,SILVER,false,1,13514.0,13514.0
2025-05-08T07:28:48Z,F002,Belgrade Beer Fest,VIP All Access,SILVER,false,1,15517.0,15517.0
2025-01-15T15:40:48Z,F002,Belgrade Beer Fest,VIP All Access,SILVER,false,1,14889.0,14889.0
2025-09-19T16:31:48Z,F002,Belgrade Beer Fest,VIP All Access,SILVER,false,2,38168.0,19084.0
2026-03-27T08:40:48Z,F002,Belgrade Beer Fest,VIP All Access,SILVER,false,2,29794.0,14897.0
2025-09-16T14:49:48Z,F002,Belgrade Beer Fest,VIP All Access,SILVER,false,1,19048.0,19048.0
2025-04-22T10:20:48Z,F002,Belgrade Beer Fest,VIP All Access,SILVER,false,2,29494.0,14747.0
2025-03-17T05:35:48Z,F002,Belgrade Beer Fest,VIP All Access,GOLD,false,2,24980.0,12490.0
2026-05-11T07:10:48Z,F002,Belgrade Beer Fest,VIP All Access,GOLD,false,2,27844.0,13922.0
2025-11-24T02:43:48Z,F002,Belgrade Beer Fest,VIP All Access,GOLD,true,3,27823.5,9274.5
2025-12-20T09:18:48Z,F002,Belgrade Beer Fest,VIP All Access,GOLD,false,1,13441.0,13441.0
2025-11-10T06:25:48Z,F002,Belgrade Beer Fest,VIP All Access,GOLD,false,4,49220.0,12305.0
2025-04-23T17:45:48Z,F002,Belgrade Beer Fest,VIP All Access,GOLD,true,1,12738.54,12738.54
2025-05-04T15:24:48Z,F002,Belgrade Beer Fest,VIP All Access,GOLD,false,2,30586.0,15293.0
2025-01-19T09:43:48Z,F002,Belgrade Beer Fest,VIP All Access,GOLD,true,4,45393.04,11348.26
2026-04-27T02:57:48Z,F002,Belgrade Beer Fest,VIP All Access,GOLD,false,2,28474.0,14237.0
2025-09-26T15:17:48Z,F002,Belgrade Beer Fest,VIP All Access,GOLD,false,2,39040.0,19520.0
2025-06-11T04:50:48Z,F002,Belgrade Beer Fest,VIP All Access,GOLD,false,1,16097.0,16097.0
2026-05-05T02:41:48Z,F002,Belgrade Beer Fest,VIP All Access,GOLD,false,1,15687.0,15687.0
2025-12-19T11:04:48Z,F002,Belgrade Beer Fest,VIP All Access,GOLD,false,1,12216.0,12216.0
2025-03-18T12:25:48Z,F002,Belgrade Beer Fest,VIP All Access,GOLD,false,3,36990.0,12330.0
2025-05-30T17:01:48Z,F002,Belgrade Beer Fest,VIP All Access,GOLD,false,2,28176.0,14088.0
2025-02-04T16:19:48Z,F002,Belgrade Beer Fest,VIP All Access,GOLD,false,1,13338.0,13338.0
2025-01-13T13:16:48Z,F002,Belgrade Beer Fest,VIP All Access,GOLD,false,4,53624.0,13406.0
2026-03-31T10:19:48Z,F002,Belgrade Beer Fest,VIP All Access,GOLD,false,2,30402.0,15201.0
2025-01-19T12:34:48Z,F002,Belgrade Beer Fest,Regular,BRONZE,false,2,8436.0,4218.0
2026-01-15T17:14:48Z,F002,Belgrade Beer Fest,Regular,BRONZE,false,2,10682.0,5341.0
2026-04-24T17:40:48Z,F002,Belgrade Beer Fest,Regular,BRONZE,false,2,10596.0,5298.0
2026-02-09T04:44:48Z,F002,Belgrade Beer Fest,Regular,BRONZE,false,1,4863.0,4863.0
2025-10-26T05:22:48Z,F002,Belgrade Beer Fest,Regular,BRONZE,false,2,8986.0,4493.0
2026-02-11T08:01:48Z,F002,Belgrade Beer Fest,Regular,BRONZE,true,2,7159.46,3579.73
2025-11-28T15:34:48Z,F002,Belgrade Beer Fest,Regular,BRONZE,true,1,3930.4,3930.4
2025-12-09T07:18:48Z,F002,Belgrade Beer Fest,Regular,BRONZE,true,2,7552.54,3776.27
2025-12-12T13:41:48Z,F002,Belgrade Beer Fest,Regular,BRONZE,false,1,5332.0,5332.0
2026-03-07T13:40:48Z,F002,Belgrade Beer Fest,Regular,BRONZE,false,1,4649.0,4649.0
2025-12-12T14:37:48Z,F002,Belgrade Beer Fest,Regular,SILVER,false,1,4927.0,4927.0
2024-12-28T07:48:48Z,F002,Belgrade Beer Fest,Regular,SILVER,false,1,4749.0,4749.0
2025-08-25T16:30:48Z,F002,Belgrade Beer Fest,Regular,SILVER,false,2,14386.0,7193.0
2026-04-18T08:24:48Z,F002,Belgrade Beer Fest,Regular,SILVER,false,1,4233.0,4233.0
2026-03-02T05:08:48Z,F002,Belgrade Beer Fest,Regular,SILVER,false,2,9942.0,4971.0
2025-02-06T12:14:48Z,F002,Belgrade Beer Fest,Regular,SILVER,false,1,4455.0,4455.0
2025-05-29T13:49:48Z,F002,Belgrade Beer Fest,Regular,SILVER,false,1,4353.0,4353.0
2025-08-01T17:18:48Z,F002,Belgrade Beer Fest,Regular,SILVER,false,2,12100.0,6050.0
2025-04-13T04:21:48Z,F002,Belgrade Beer Fest,Regular,SILVER,false,2,8936.0,4468.0
2026-01-25T04:25:48Z,F002,Belgrade Beer Fest,Regular,SILVER,false,1,5363.0,5363.0
2026-05-15T13:25:48Z,F002,Belgrade Beer Fest,Regular,SILVER,false,1,5235.0,5235.0
2025-04-13T15:49:48Z,F002,Belgrade Beer Fest,Regular,SILVER,false,1,5279.0,5279.0
2026-05-16T06:36:48Z,F002,Belgrade Beer Fest,Regular,SILVER,false,2,8544.0,4272.0
2025-07-20T13:50:48Z,F002,Belgrade Beer Fest,Regular,SILVER,false,1,5258.0,5258.0
2025-09-09T06:57:48Z,F002,Belgrade Beer Fest,Regular,GOLD,false,1,5945.0,5945.0
2025-05-23T06:27:48Z,F002,Belgrade Beer Fest,Regular,GOLD,false,3,14817.0,4939.0
2025-01-13T02:22:48Z,F002,Belgrade Beer Fest,Regular,GOLD,false,3,12333.0,4111.0
2026-02-01T02:48:48Z,F002,Belgrade Beer Fest,Regular,GOLD,false,3,15750.0,5250.0
2025-10-07T17:32:48Z,F002,Belgrade Beer Fest,Regular,GOLD,false,4,20544.0,5136.0
2025-02-14T03:27:48Z,F002,Belgrade Beer Fest,Regular,GOLD,false,4,18572.0,4643.0
2025-11-15T06:37:48Z,F002,Belgrade Beer Fest,Regular,GOLD,false,3,15639.0,5213.0
2025-11-20T14:25:48Z,F002,Belgrade Beer Fest,Regular,GOLD,false,1,5077.0,5077.0
2026-03-24T05:34:48Z,F002,Belgrade Beer Fest,Regular,GOLD,true,2,8010.04,4005.02
2025-12-30T15:32:48Z,F002,Belgrade Beer Fest,Regular,GOLD,false,2,10700.0,5350.0
2025-10-18T09:05:48Z,F002,Belgrade Beer Fest,Regular,GOLD,false,4,17060.0,4265.0
2025-10-13T17:18:48Z,F002,Belgrade Beer Fest,Regular,GOLD,false,4,16688.0,4172.0
2025-08-05T08:54:48Z,F002,Belgrade Beer Fest,Regular,GOLD,false,1,6035.0,6035.0
2026-03-28T11:51:48Z,F002,Belgrade Beer Fest,Regular,GOLD,false,1,4061.0,4061.0
2025-08-29T14:05:48Z,F002,Belgrade Beer Fest,Regular,GOLD,false,1,6126.0,6126.0
2025-06-19T13:52:48Z,F002,Belgrade Beer Fest,Regular,GOLD,false,4,17760.0,4440.0
2025-09-14T05:25:48Z,F002,Belgrade Beer Fest,Regular,GOLD,false,4,28620.0,7155.0
2025-11-14T14:05:48Z,F002,Belgrade Beer Fest,Regular,GOLD,false,4,16980.0,4245.0
2025-01-17T03:25:48Z,F002,Belgrade Beer Fest,Fan Pit Pass,BRONZE,false,2,16042.0,8021.0
2025-05-03T06:37:48Z,F002,Belgrade Beer Fest,Fan Pit Pass,BRONZE,true,2,12738.0,6369.0
2025-10-04T12:49:48Z,F002,Belgrade Beer Fest,Fan Pit Pass,BRONZE,false,2,16538.0,8269.0
2025-10-04T18:09:48Z,F002,Belgrade Beer Fest,Fan Pit Pass,BRONZE,false,2,13032.0,6516.0
2026-02-01T12:07:48Z,F002,Belgrade Beer Fest,Fan Pit Pass,BRONZE,false,1,8421.0,8421.0
2025-08-30T10:03:48Z,F002,Belgrade Beer Fest,Fan Pit Pass,BRONZE,true,2,14236.56,7118.28
2025-12-26T07:09:48Z,F002,Belgrade Beer Fest,Fan Pit Pass,BRONZE,false,1,7950.0,7950.0
2025-03-24T08:18:48Z,F002,Belgrade Beer Fest,Fan Pit Pass,BRONZE,true,2,11892.8,5946.4
2026-01-26T18:12:48Z,F002,Belgrade Beer Fest,Fan Pit Pass,BRONZE,false,1,8312.0,8312.0
2026-05-17T08:52:48Z,F002,Belgrade Beer Fest,Fan Pit Pass,BRONZE,false,2,14364.0,7182.0
2025-10-19T07:46:48Z,F002,Belgrade Beer Fest,Fan Pit Pass,SILVER,false,2,16900.0,8450.0
2025-08-29T17:29:48Z,F002,Belgrade Beer Fest,Fan Pit Pass,SILVER,false,2,22794.0,11397.0
2025-07-20T12:06:48Z,F002,Belgrade Beer Fest,Fan Pit Pass,SILVER,false,1,7104.0,7104.0
2026-04-16T12:47:48Z,F002,Belgrade Beer Fest,Fan Pit Pass,SILVER,false,2,14466.0,7233.0
2025-12-25T15:09:48Z,F002,Belgrade Beer Fest,Fan Pit Pass,SILVER,false,1,7225.0,7225.0
2025-09-22T04:39:48Z,F002,Belgrade Beer Fest,Fan Pit Pass,SILVER,false,2,22602.0,11301.0
2025-07-09T09:09:48Z,F002,Belgrade Beer Fest,Fan Pit Pass,SILVER,true,2,12381.66,6190.83
2025-08-04T09:20:48Z,F002,Belgrade Beer Fest,Fan Pit Pass,SILVER,false,1,10569.0,10569.0
2025-01-24T05:43:48Z,F002,Belgrade Beer Fest,Fan Pit Pass,SILVER,true,2,11221.08,5610.54
2024-12-07T07:43:48Z,F002,Belgrade Beer Fest,Fan Pit Pass,SILVER,false,2,15780.0,7890.0
2025-06-24T11:37:48Z,F002,Belgrade Beer Fest,Fan Pit Pass,SILVER,false,1,7096.0,7096.0
2025-03-03T09:51:48Z,F002,Belgrade Beer Fest,Fan Pit Pass,SILVER,false,1,8076.0,8076.0
2025-05-30T16:13:48Z,F002,Belgrade Beer Fest,Fan Pit Pass,SILVER,false,1,8289.0,8289.0
2026-01-12T17:28:48Z,F002,Belgrade Beer Fest,Fan Pit Pass,SILVER,false,2,17006.0,8503.0
2024-12-11T11:53:48Z,F002,Belgrade Beer Fest,Fan Pit Pass,GOLD,false,3,23346.0,7782.0
2026-05-22T18:13:48Z,F002,Belgrade Beer Fest,Fan Pit Pass,GOLD,false,4,34028.0,8507.0
2025-03-27T12:27:48Z,F002,Belgrade Beer Fest,Fan Pit Pass,GOLD,false,3,24177.0,8059.0
2024-12-16T13:07:48Z,F002,Belgrade Beer Fest,Fan Pit Pass,GOLD,true,2,10960.18,5480.09
2026-01-21T15:49:48Z,F002,Belgrade Beer Fest,Fan Pit Pass,GOLD,false,4,28752.0,7188.0
2025-06-09T06:47:48Z,F002,Belgrade Beer Fest,Fan Pit Pass,GOLD,true,2,12060.72,6030.36
2026-03-04T10:38:48Z,F002,Belgrade Beer Fest,Fan Pit Pass,GOLD,false,1,7132.0,7132.0
2025-12-05T09:20:48Z,F002,Belgrade Beer Fest,Fan Pit Pass,GOLD,false,4,31688.0,7922.0
2026-01-21T12:01:48Z,F002,Belgrade Beer Fest,Fan Pit Pass,GOLD,false,3,20202.0,6734.0
2025-07-16T09:25:48Z,F002,Belgrade Beer Fest,Fan Pit Pass,GOLD,false,4,30052.0,7513.0
2025-12-19T16:01:48Z,F002,Belgrade Beer Fest,Fan Pit Pass,GOLD,false,4,30664.0,7666.0
2025-07-13T10:00:48Z,F002,Belgrade Beer Fest,Fan Pit Pass,GOLD,false,1,8110.0,8110.0
2026-05-26T13:21:48Z,F002,Belgrade Beer Fest,Fan Pit Pass,GOLD,true,1,6938.02,6938.02
2026-05-03T08:53:48Z,F002,Belgrade Beer Fest,Fan Pit Pass,GOLD,false,2,15278.0,7639.0
2026-05-18T16:24:48Z,F002,Belgrade Beer Fest,Fan Pit Pass,GOLD,true,4,26072.72,6518.18
2025-01-27T16:25:48Z,F002,Belgrade Beer Fest,Fan Pit Pass,GOLD,false,4,30356.0,7589.0
2026-03-20T12:03:48Z,F002,Belgrade Beer Fest,Fan Pit Pass,GOLD,false,3,19581.0,6527.0
2025-07-13T04:19:48Z,F002,Belgrade Beer Fest,Fan Pit Pass,GOLD,false,1,7395.0,7395.0
2025-02-01T05:16:48Z,F002,Belgrade Beer Fest,Backstage Experience,BRONZE,false,2,46872.0,23436.0
2025-04-19T15:40:48Z,F002,Belgrade Beer Fest,Backstage Experience,BRONZE,false,2,53904.0,26952.0
2025-12-23T14:22:48Z,F002,Belgrade Beer Fest,Backstage Experience,BRONZE,false,1,24858.0,24858.0
2025-11-23T05:28:48Z,F002,Belgrade Beer Fest,Backstage Experience,BRONZE,false,2,53904.0,26952.0
2025-07-18T03:05:48Z,F002,Belgrade Beer Fest,Backstage Experience,BRONZE,false,2,40806.0,20403.0
2026-02-09T15:09:48Z,F002,Belgrade Beer Fest,Backstage Experience,BRONZE,false,2,43600.0,21800.0
2025-09-10T09:16:48Z,F002,Belgrade Beer Fest,Backstage Experience,BRONZE,true,1,27901.6,27901.6
2024-12-18T09:30:48Z,F002,Belgrade Beer Fest,Backstage Experience,BRONZE,false,1,20704.0,20704.0
2025-01-20T10:04:48Z,F002,Belgrade Beer Fest,Backstage Experience,BRONZE,true,2,35755.26,17877.63
2025-01-28T06:49:48Z,F002,Belgrade Beer Fest,Backstage Experience,BRONZE,false,1,26956.0,26956.0
2025-10-24T12:32:48Z,F002,Belgrade Beer Fest,Backstage Experience,SILVER,false,1,22287.0,22287.0
2026-05-19T09:43:48Z,F002,Belgrade Beer Fest,Backstage Experience,SILVER,false,1,22278.0,22278.0
2025-05-30T15:52:48Z,F002,Belgrade Beer Fest,Backstage Experience,SILVER,false,2,47190.0,23595.0
2025-12-27T13:01:48Z,F002,Belgrade Beer Fest,Backstage Experience,SILVER,false,1,23060.0,23060.0
2025-06-08T17:32:48Z,F002,Belgrade Beer Fest,Backstage Experience,SILVER,false,2,51966.0,25983.0
2025-04-28T17:15:48Z,F002,Belgrade Beer Fest,Backstage Experience,SILVER,false,2,41278.0,20639.0
2025-04-18T14:32:48Z,F002,Belgrade Beer Fest,Backstage Experience,SILVER,false,2,43942.0,21971.0
2026-03-07T13:22:48Z,F002,Belgrade Beer Fest,Backstage Experience,SILVER,true,1,20047.44,20047.44
2025-01-11T04:29:48Z,F002,Belgrade Beer Fest,Backstage Experience,SILVER,false,1,25681.0,25681.0
2025-11-07T12:15:48Z,F002,Belgrade Beer Fest,Backstage Experience,SILVER,false,1,20354.0,20354.0
2025-04-01T18:15:48Z,F002,Belgrade Beer Fest,Backstage Experience,SILVER,false,1,21888.0,21888.0
2025-08-04T13:06:48Z,F002,Belgrade Beer Fest,Backstage Experience,SILVER,false,2,59096.0,29548.0
2025-12-04T11:33:48Z,F002,Belgrade Beer Fest,Backstage Experience,SILVER,false,2,45356.0,22678.0
2026-03-27T13:15:48Z,F002,Belgrade Beer Fest,Backstage Experience,SILVER,false,2,43242.0,21621.0
2025-07-16T06:18:48Z,F002,Belgrade Beer Fest,Backstage Experience,GOLD,false,4,88040.0,22010.0
2025-06-20T12:31:48Z,F002,Belgrade Beer Fest,Backstage Experience,GOLD,false,2,45628.0,22814.0
2025-11-12T11:05:48Z,F002,Belgrade Beer Fest,Backstage Experience,GOLD,false,4,103184.0,25796.0
2025-11-27T07:25:48Z,F002,Belgrade Beer Fest,Backstage Experience,GOLD,true,4,77344.96,19336.24
2025-01-31T04:10:48Z,F002,Belgrade Beer Fest,Backstage Experience,GOLD,false,1,25965.0,25965.0
2026-01-28T07:10:48Z,F002,Belgrade Beer Fest,Backstage Experience,GOLD,false,1,24507.0,24507.0
2024-12-11T08:49:48Z,F002,Belgrade Beer Fest,Backstage Experience,GOLD,false,1,23328.0,23328.0
2026-04-10T17:18:48Z,F002,Belgrade Beer Fest,Backstage Experience,GOLD,true,4,66567.6,16641.9
2025-09-09T11:18:48Z,F002,Belgrade Beer Fest,Backstage Experience,GOLD,false,4,126080.0,31520.0
2025-06-03T06:15:48Z,F002,Belgrade Beer Fest,Backstage Experience,GOLD,true,2,33858.0,16929.0
2025-08-17T13:34:48Z,F002,Belgrade Beer Fest,Backstage Experience,GOLD,false,1,34154.0,34154.0
2026-01-21T16:53:48Z,F002,Belgrade Beer Fest,Backstage Experience,GOLD,false,2,43784.0,21892.0
2025-02-22T03:22:48Z,F002,Belgrade Beer Fest,Backstage Experience,GOLD,false,4,91944.0,22986.0
2025-01-28T03:01:48Z,F002,Belgrade Beer Fest,Backstage Experience,GOLD,false,4,85628.0,21407.0
2025-11-06T06:14:48Z,F002,Belgrade Beer Fest,Backstage Experience,GOLD,true,1,18099.4,18099.4
2026-04-02T10:19:48Z,F002,Belgrade Beer Fest,Backstage Experience,GOLD,false,3,79464.0,26488.0
2025-01-04T08:16:48Z,F002,Belgrade Beer Fest,Backstage Experience,GOLD,false,1,25990.0,25990.0
2025-04-28T15:16:48Z,F002,Belgrade Beer Fest,Backstage Experience,GOLD,false,2,41538.0,20769.0
2026-01-04T12:41:48Z,F002,Belgrade Beer Fest,Day Pass,BRONZE,false,1,3042.0,3042.0
2025-02-20T13:20:48Z,F002,Belgrade Beer Fest,Day Pass,BRONZE,false,1,2509.0,2509.0
2025-11-15T15:06:48Z,F002,Belgrade Beer Fest,Day Pass,BRONZE,false,2,5388.0,2694.0
2026-03-08T17:31:48Z,F002,Belgrade Beer Fest,Day Pass,BRONZE,false,2,5436.0,2718.0
2025-12-26T05:06:48Z,F002,Belgrade Beer Fest,Day Pass,BRONZE,false,1,2931.0,2931.0
2025-02-24T10:26:48Z,F002,Belgrade Beer Fest,Day Pass,BRONZE,false,1,2738.0,2738.0
2025-10-22T13:23:48Z,F002,Belgrade Beer Fest,Day Pass,BRONZE,false,2,5008.0,2504.0
2025-09-04T05:25:48Z,F002,Belgrade Beer Fest,Day Pass,BRONZE,false,2,6668.0,3334.0
2026-05-10T15:23:48Z,F002,Belgrade Beer Fest,Day Pass,BRONZE,false,2,4902.0,2451.0
2025-10-30T14:17:48Z,F002,Belgrade Beer Fest,Day Pass,BRONZE,false,2,5332.0,2666.0
2025-08-07T08:00:48Z,F002,Belgrade Beer Fest,Day Pass,SILVER,false,1,3651.0,3651.0
2025-09-02T17:26:48Z,F002,Belgrade Beer Fest,Day Pass,SILVER,false,2,6616.0,3308.0
2025-10-04T18:07:48Z,F002,Belgrade Beer Fest,Day Pass,SILVER,false,2,4984.0,2492.0
2026-04-23T08:46:48Z,F002,Belgrade Beer Fest,Day Pass,SILVER,true,2,4228.56,2114.28
2025-12-26T12:45:48Z,F002,Belgrade Beer Fest,Day Pass,SILVER,false,1,2701.0,2701.0
2025-06-25T17:37:48Z,F002,Belgrade Beer Fest,Day Pass,SILVER,false,2,5148.0,2574.0
2025-09-26T17:53:48Z,F002,Belgrade Beer Fest,Day Pass,SILVER,false,2,8170.0,4085.0
2026-01-08T13:24:48Z,F002,Belgrade Beer Fest,Day Pass,SILVER,false,1,3185.0,3185.0
2025-06-04T03:03:48Z,F002,Belgrade Beer Fest,Day Pass,SILVER,false,1,2804.0,2804.0
2025-09-26T05:09:48Z,F002,Belgrade Beer Fest,Day Pass,SILVER,false,2,8312.0,4156.0
2025-04-23T11:32:48Z,F002,Belgrade Beer Fest,Day Pass,SILVER,false,1,2635.0,2635.0
2025-12-23T04:45:48Z,F002,Belgrade Beer Fest,Day Pass,SILVER,false,2,6464.0,3232.0
2026-05-04T15:51:48Z,F002,Belgrade Beer Fest,Day Pass,SILVER,false,2,4920.0,2460.0
2025-02-27T06:06:48Z,F002,Belgrade Beer Fest,Day Pass,SILVER,true,2,4262.22,2131.11
2026-01-15T13:07:48Z,F002,Belgrade Beer Fest,Day Pass,GOLD,true,1,2417.73,2417.73
2026-05-17T09:45:48Z,F002,Belgrade Beer Fest,Day Pass,GOLD,false,4,10932.0,2733.0
2026-04-28T06:39:48Z,F002,Belgrade Beer Fest,Day Pass,GOLD,true,4,10879.68,2719.92
2025-02-27T06:10:48Z,F002,Belgrade Beer Fest,Day Pass,GOLD,false,2,6384.0,3192.0
2025-11-18T17:07:48Z,F002,Belgrade Beer Fest,Day Pass,GOLD,false,4,10392.0,2598.0
2025-03-11T17:03:48Z,F002,Belgrade Beer Fest,Day Pass,GOLD,true,3,7993.98,2664.66
2025-03-29T03:11:48Z,F002,Belgrade Beer Fest,Day Pass,GOLD,false,1,2708.0,2708.0
2025-05-19T09:50:48Z,F002,Belgrade Beer Fest,Day Pass,GOLD,false,2,5142.0,2571.0
2026-02-11T16:31:48Z,F002,Belgrade Beer Fest,Day Pass,GOLD,true,2,4921.6,2460.8
2026-01-11T03:04:48Z,F002,Belgrade Beer Fest,Day Pass,GOLD,false,2,5854.0,2927.0
2026-02-14T14:17:48Z,F002,Belgrade Beer Fest,Day Pass,GOLD,false,2,6002.0,3001.0
2025-02-04T06:08:48Z,F002,Belgrade Beer Fest,Day Pass,GOLD,false,2,6272.0,3136.0
2025-06-21T16:24:48Z,F002,Belgrade Beer Fest,Day Pass,GOLD,false,4,10572.0,2643.0
2025-10-18T14:56:48Z,F002,Belgrade Beer Fest,Day Pass,GOLD,false,1,2748.0,2748.0
2026-03-15T08:09:48Z,F002,Belgrade Beer Fest,Day Pass,GOLD,false,3,8928.0,2976.0
2025-02-26T06:37:48Z,F002,Belgrade Beer Fest,Day Pass,GOLD,true,3,6363.0,2121.0
2025-04-25T14:43:48Z,F002,Belgrade Beer Fest,Day Pass,GOLD,false,4,11652.0,2913.0
2026-04-14T07:52:48Z,F002,Belgrade Beer Fest,Day Pass,GOLD,true,3,6540.75,2180.25
2026-03-08T04:12:48Z,F003,Guca Trumpet Festival,VIP All Access,BRONZE,false,1,14360.0,14360.0
2025-06-19T14:52:48Z,F003,Guca Trumpet Festival,VIP All Access,BRONZE,false,2,29972.0,14986.0
2026-04-19T16:02:48Z,F003,Guca Trumpet Festival,VIP All Access,BRONZE,true,2,26922.24,13461.12
2025-07-15T11:19:48Z,F003,Guca Trumpet Festival,VIP All Access,BRONZE,true,2,23240.0,11620.0
2026-04-23T05:53:48Z,F003,Guca Trumpet Festival,VIP All Access,BRONZE,false,2,26626.0,13313.0
2025-01-13T16:51:48Z,F003,Guca Trumpet Festival,VIP All Access,BRONZE,true,2,21464.04,10732.02
2025-08-12T12:12:48Z,F003,Guca Trumpet Festival,VIP All Access,BRONZE,false,2,50392.0,25196.0
2025-03-01T17:12:48Z,F003,Guca Trumpet Festival,VIP All Access,BRONZE,true,1,13488.46,13488.46
2025-11-26T15:27:48Z,F003,Guca Trumpet Festival,VIP All Access,BRONZE,false,1,15459.0,15459.0
2025-01-31T13:51:48Z,F003,Guca Trumpet Festival,VIP All Access,BRONZE,false,1,14027.0,14027.0
2025-09-27T11:53:48Z,F003,Guca Trumpet Festival,VIP All Access,SILVER,true,1,11034.72,11034.72
2026-01-27T03:34:48Z,F003,Guca Trumpet Festival,VIP All Access,SILVER,false,1,16532.0,16532.0
2025-04-16T09:26:48Z,F003,Guca Trumpet Festival,VIP All Access,SILVER,false,1,15866.0,15866.0
2026-01-08T17:26:48Z,F003,Guca Trumpet Festival,VIP All Access,SILVER,false,2,30586.0,15293.0
2025-12-21T16:21:48Z,F003,Guca Trumpet Festival,VIP All Access,SILVER,false,1,15534.0,15534.0
2025-09-12T13:46:48Z,F003,Guca Trumpet Festival,VIP All Access,SILVER,false,2,33774.0,16887.0
2025-03-07T16:57:48Z,F003,Guca Trumpet Festival,VIP All Access,SILVER,false,2,31328.0,15664.0
2026-01-13T08:44:48Z,F003,Guca Trumpet Festival,VIP All Access,SILVER,false,2,32702.0,16351.0
2025-09-18T12:52:48Z,F003,Guca Trumpet Festival,VIP All Access,SILVER,false,2,30592.0,15296.0
2025-01-20T03:23:48Z,F003,Guca Trumpet Festival,VIP All Access,SILVER,true,2,23563.04,11781.52
2025-05-12T16:46:48Z,F003,Guca Trumpet Festival,VIP All Access,SILVER,true,2,20524.8,10262.4
2025-04-16T11:27:48Z,F003,Guca Trumpet Festival,VIP All Access,SILVER,true,2,28157.1,14078.55
2025-02-24T13:59:48Z,F003,Guca Trumpet Festival,VIP All Access,SILVER,true,1,13518.09,13518.09
2025-07-29T15:58:48Z,F003,Guca Trumpet Festival,VIP All Access,SILVER,true,1,10968.45,10968.45
2025-04-16T09:50:48Z,F003,Guca Trumpet Festival,VIP All Access,GOLD,true,1,13372.2,13372.2
2025-04-04T16:01:48Z,F003,Guca Trumpet Festival,VIP All Access,GOLD,true,1,11917.1,11917.1
2025-03-16T05:37:48Z,F003,Guca Trumpet Festival,VIP All Access,GOLD,true,3,33686.64,11228.88
2025-04-17T06:21:48Z,F003,Guca Trumpet Festival,VIP All Access,GOLD,false,1,15093.0,15093.0
2025-05-19T16:39:48Z,F003,Guca Trumpet Festival,VIP All Access,GOLD,false,2,31826.0,15913.0
2026-02-28T08:22:48Z,F003,Guca Trumpet Festival,VIP All Access,GOLD,false,2,33316.0,16658.0
2025-12-30T13:44:48Z,F003,Guca Trumpet Festival,VIP All Access,GOLD,true,2,22672.0,11336.0
2025-08-13T12:06:48Z,F003,Guca Trumpet Festival,VIP All Access,GOLD,false,1,24830.0,24830.0
2025-10-06T08:50:48Z,F003,Guca Trumpet Festival,VIP All Access,GOLD,false,2,30840.0,15420.0
2025-09-30T04:07:48Z,F003,Guca Trumpet Festival,VIP All Access,GOLD,false,2,33328.0,16664.0
2025-03-27T09:48:48Z,F003,Guca Trumpet Festival,VIP All Access,GOLD,false,1,15553.0,15553.0
2024-12-14T14:16:48Z,F003,Guca Trumpet Festival,VIP All Access,GOLD,false,4,56712.0,14178.0
2026-02-05T13:51:48Z,F003,Guca Trumpet Festival,VIP All Access,GOLD,false,4,62980.0,15745.0
2025-02-14T02:54:48Z,F003,Guca Trumpet Festival,VIP All Access,GOLD,true,3,29899.92,9966.64
2026-01-13T11:57:48Z,F003,Guca Trumpet Festival,VIP All Access,GOLD,false,4,63484.0,15871.0
2026-01-17T04:57:48Z,F003,Guca Trumpet Festival,VIP All Access,GOLD,false,2,30238.0,15119.0
2025-10-15T04:49:48Z,F003,Guca Trumpet Festival,VIP All Access,GOLD,false,2,33524.0,16762.0
2026-01-06T04:36:48Z,F003,Guca Trumpet Festival,VIP All Access,GOLD,true,2,28145.36,14072.68
2026-02-19T05:46:48Z,F003,Guca Trumpet Festival,Regular,BRONZE,false,1,5148.0,5148.0
2025-05-30T05:17:48Z,F003,Guca Trumpet Festival,Regular,BRONZE,true,1,4015.84,4015.84
2026-05-21T10:27:48Z,F003,Guca Trumpet Festival,Regular,BRONZE,false,2,9610.0,4805.0
2025-04-01T02:38:48Z,F003,Guca Trumpet Festival,Regular,BRONZE,false,2,10850.0,5425.0
2025-08-28T04:48:48Z,F003,Guca Trumpet Festival,Regular,BRONZE,true,2,11174.24,5587.12
2025-05-21T13:27:48Z,F003,Guca Trumpet Festival,Regular,BRONZE,false,1,4639.0,4639.0
2025-03-30T10:04:48Z,F003,Guca Trumpet Festival,Regular,BRONZE,false,1,5000.0,5000.0
2024-12-14T09:19:48Z,F003,Guca Trumpet Festival,Regular,BRONZE,false,2,9894.0,4947.0
2025-06-03T03:52:48Z,F003,Guca Trumpet Festival,Regular,BRONZE,true,2,9320.68,4660.34
2025-10-25T11:09:48Z,F003,Guca Trumpet Festival,Regular,BRONZE,true,2,7017.6,3508.8
2025-01-24T07:31:48Z,F003,Guca Trumpet Festival,Regular,SILVER,false,1,5421.0,5421.0
2025-02-10T17:12:48Z,F003,Guca Trumpet Festival,Regular,SILVER,false,2,9354.0,4677.0
2026-03-14T02:40:48Z,F003,Guca Trumpet Festival,Regular,SILVER,false,2,9122.0,4561.0
2025-08-07T16:40:48Z,F003,Guca Trumpet Festival,Regular,SILVER,false,2,15086.0,7543.0
2025-06-20T09:26:48Z,F003,Guca Trumpet Festival,Regular,SILVER,true,2,7025.76,3512.88
2024-12-11T12:17:48Z,F003,Guca Trumpet Festival,Regular,SILVER,false,2,10712.0,5356.0
2025-10-12T05:30:48Z,F003,Guca Trumpet Festival,Regular,SILVER,false,1,5030.0,5030.0
2025-02-01T07:02:48Z,F003,Guca Trumpet Festival,Regular,SILVER,false,1,4674.0,4674.0
2026-05-18T16:01:48Z,F003,Guca Trumpet Festival,Regular,SILVER,false,2,11102.0,5551.0
2025-02-26T05:49:48Z,F003,Guca Trumpet Festival,Regular,SILVER,true,2,7233.3,3616.65
2026-02-20T06:32:48Z,F003,Guca Trumpet Festival,Regular,SILVER,false,2,9382.0,4691.0
2026-01-08T12:37:48Z,F003,Guca Trumpet Festival,Regular,SILVER,true,1,4280.4,4280.4
2025-03-23T06:23:48Z,F003,Guca Trumpet Festival,Regular,SILVER,false,2,9018.0,4509.0
2025-04-04T14:06:48Z,F003,Guca Trumpet Festival,Regular,SILVER,false,2,9142.0,4571.0
2025-04-03T04:27:48Z,F003,Guca Trumpet Festival,Regular,GOLD,false,3,16278.0,5426.0
2025-01-12T09:10:48Z,F003,Guca Trumpet Festival,Regular,GOLD,true,2,9453.12,4726.56
2025-12-01T14:49:48Z,F003,Guca Trumpet Festival,Regular,GOLD,false,3,13035.0,4345.0
2025-05-29T02:42:48Z,F003,Guca Trumpet Festival,Regular,GOLD,true,2,9667.68,4833.84
2025-04-24T05:17:48Z,F003,Guca Trumpet Festival,Regular,GOLD,true,2,6806.28,3403.14
2025-12-18T04:54:48Z,F003,Guca Trumpet Festival,Regular,GOLD,true,1,4547.9,4547.9
2026-03-01T06:22:48Z,F003,Guca Trumpet Festival,Regular,GOLD,true,3,12688.2,4229.4
2025-01-22T08:16:48Z,F003,Guca Trumpet Festival,Regular,GOLD,false,4,20372.0,5093.0
2025-12-28T15:28:48Z,F003,Guca Trumpet Festival,Regular,GOLD,false,2,9558.0,4779.0
2026-03-03T06:19:48Z,F003,Guca Trumpet Festival,Regular,GOLD,false,2,10300.0,5150.0
2026-04-26T16:13:48Z,F003,Guca Trumpet Festival,Regular,GOLD,true,1,4250.4,4250.4
2026-02-04T08:58:48Z,F003,Guca Trumpet Festival,Regular,GOLD,false,2,11072.0,5536.0
2024-12-21T15:07:48Z,F003,Guca Trumpet Festival,Regular,GOLD,false,4,21168.0,5292.0
2026-04-12T14:15:48Z,F003,Guca Trumpet Festival,Regular,GOLD,false,3,15243.0,5081.0
2025-06-04T02:37:48Z,F003,Guca Trumpet Festival,Regular,GOLD,false,1,5126.0,5126.0
2025-09-15T04:08:48Z,F003,Guca Trumpet Festival,Regular,GOLD,false,3,17064.0,5688.0
2025-07-28T07:23:48Z,F003,Guca Trumpet Festival,Regular,GOLD,false,2,9256.0,4628.0
2025-01-28T09:53:48Z,F003,Guca Trumpet Festival,Regular,GOLD,false,4,21924.0,5481.0
2025-05-28T07:32:48Z,F003,Guca Trumpet Festival,Fan Pit Pass,BRONZE,false,2,16382.0,8191.0
2024-12-30T13:53:48Z,F003,Guca Trumpet Festival,Fan Pit Pass,BRONZE,false,1,8125.0,8125.0
2026-04-20T11:28:48Z,F003,Guca Trumpet Festival,Fan Pit Pass,BRONZE,true,1,6445.98,6445.98
2024-12-22T17:17:48Z,F003,Guca Trumpet Festival,Fan Pit Pass,BRONZE,false,1,7596.0,7596.0
2025-11-15T08:15:48Z,F003,Guca Trumpet Festival,Fan Pit Pass,BRONZE,true,2,15259.2,7629.6
2025-04-26T06:11:48Z,F003,Guca Trumpet Festival,Fan Pit Pass,BRONZE,false,2,16080.0,8040.0
2025-12-19T14:54:48Z,F003,Guca Trumpet Festival,Fan Pit Pass,BRONZE,false,2,14140.0,7070.0
2025-05-12T16:07:48Z,F003,Guca Trumpet Festival,Fan Pit Pass,BRONZE,false,2,16596.0,8298.0
2025-05-29T13:31:48Z,F003,Guca Trumpet Festival,Fan Pit Pass,BRONZE,false,1,8357.0,8357.0
2025-09-29T06:28:48Z,F003,Guca Trumpet Festival,Fan Pit Pass,BRONZE,false,2,17004.0,8502.0
2025-01-04T07:55:48Z,F003,Guca Trumpet Festival,Fan Pit Pass,SILVER,false,1,7566.0,7566.0
2025-03-18T17:26:48Z,F003,Guca Trumpet Festival,Fan Pit Pass,SILVER,true,1,5696.25,5696.25
2025-05-22T05:09:48Z,F003,Guca Trumpet Festival,Fan Pit Pass,SILVER,false,2,16912.0,8456.0
2025-08-30T08:32:48Z,F003,Guca Trumpet Festival,Fan Pit Pass,SILVER,false,2,24818.0,12409.0
2025-03-22T02:20:48Z,F003,Guca Trumpet Festival,Fan Pit Pass,SILVER,false,2,15440.0,7720.0
2026-01-29T18:13:48Z,F003,Guca Trumpet Festival,Fan Pit Pass,SILVER,true,2,12786.98,6393.49
2025-07-20T07:45:48Z,F003,Guca Trumpet Festival,Fan Pit Pass,SILVER,false,1,7008.0,7008.0
2025-10-24T10:23:48Z,F003,Guca Trumpet Festival,Fan Pit Pass,SILVER,false,1,7009.0,7009.0
2025-05-15T04:52:48Z,F003,Guca Trumpet Festival,Fan Pit Pass,SILVER,false,1,8987.0,8987.0
2026-04-10T02:44:48Z,F003,Guca Trumpet Festival,Fan Pit Pass,SILVER,false,1,8989.0,8989.0
2026-02-19T07:20:48Z,F003,Guca Trumpet Festival,Fan Pit Pass,SILVER,false,1,7071.0,7071.0
2026-01-25T10:59:48Z,F003,Guca Trumpet Festival,Fan Pit Pass,SILVER,true,1,6284.88,6284.88
2026-04-18T06:20:48Z,F003,Guca Trumpet Festival,Fan Pit Pass,SILVER,true,2,11954.28,5977.14
2026-04-07T08:23:48Z,F003,Guca Trumpet Festival,Fan Pit Pass,SILVER,false,1,6899.0,6899.0
2025-02-23T18:11:48Z,F003,Guca Trumpet Festival,Fan Pit Pass,GOLD,false,4,28412.0,7103.0
2025-08-30T04:58:48Z,F003,Guca Trumpet Festival,Fan Pit Pass,GOLD,false,2,23816.0,11908.0
2025-12-27T13:28:48Z,F003,Guca Trumpet Festival,Fan Pit Pass,GOLD,false,3,23568.0,7856.0
2025-08-28T10:10:48Z,F003,Guca Trumpet Festival,Fan Pit Pass,GOLD,true,1,8785.6,8785.6
2025-03-11T04:59:48Z,F003,Guca Trumpet Festival,Fan Pit Pass,GOLD,false,4,30496.0,7624.0
2025-07-22T04:10:48Z,F003,Guca Trumpet Festival,Fan Pit Pass,GOLD,false,4,30892.0,7723.0
2026-04-02T09:47:48Z,F003,Guca Trumpet Festival,Fan Pit Pass,GOLD,false,4,30084.0,7521.0
2025-01-06T06:24:48Z,F003,Guca Trumpet Festival,Fan Pit Pass,GOLD,true,4,27012.0,6753.0
2025-07-06T08:25:48Z,F003,Guca Trumpet Festival,Fan Pit Pass,GOLD,false,1,6937.0,6937.0
2026-02-20T09:09:48Z,F003,Guca Trumpet Festival,Fan Pit Pass,GOLD,false,3,24810.0,8270.0
2025-02-08T04:41:48Z,F003,Guca Trumpet Festival,Fan Pit Pass,GOLD,false,3,24327.0,8109.0
2026-05-18T17:15:48Z,F003,Guca Trumpet Festival,Fan Pit Pass,GOLD,true,4,31088.64,7772.16
2025-03-14T05:53:48Z,F003,Guca Trumpet Festival,Fan Pit Pass,GOLD,false,3,25851.0,8617.0
2025-11-19T15:33:48Z,F003,Guca Trumpet Festival,Fan Pit Pass,GOLD,false,4,30852.0,7713.0
2026-03-31T03:28:48Z,F003,Guca Trumpet Festival,Fan Pit Pass,GOLD,false,2,14936.0,7468.0
2026-01-17T03:42:48Z,F003,Guca Trumpet Festival,Fan Pit Pass,GOLD,false,3,26604.0,8868.0
2025-01-21T18:15:48Z,F003,Guca Trumpet Festival,Fan Pit Pass,GOLD,true,3,17437.68,5812.56
2025-10-08T11:34:48Z,F003,Guca Trumpet Festival,Fan Pit Pass,GOLD,false,1,8762.0,8762.0
2025-07-23T06:36:48Z,F003,Guca Trumpet Festival,Backstage Experience,BRONZE,false,2,56632.0,28316.0
2025-10-26T11:03:48Z,F003,Guca Trumpet Festival,Backstage Experience,BRONZE,true,1,21180.15,21180.15
2026-01-22T18:05:48Z,F003,Guca Trumpet Festival,Backstage Experience,BRONZE,false,2,50110.0,25055.0
2026-05-13T07:21:48Z,F003,Guca Trumpet Festival,Backstage Experience,BRONZE,true,2,36331.68,18165.84
2024-12-31T07:29:48Z,F003,Guca Trumpet Festival,Backstage Experience,BRONZE,false,1,27611.0,27611.0
2025-08-14T03:46:48Z,F003,Guca Trumpet Festival,Backstage Experience,BRONZE,false,2,64062.0,32031.0
2025-09-08T14:09:48Z,F003,Guca Trumpet Festival,Backstage Experience,BRONZE,false,2,49366.0,24683.0
2025-04-07T02:32:48Z,F003,Guca Trumpet Festival,Backstage Experience,BRONZE,true,2,37004.66,18502.33
2025-11-25T13:27:48Z,F003,Guca Trumpet Festival,Backstage Experience,BRONZE,false,2,54686.0,27343.0
2025-03-04T11:18:48Z,F003,Guca Trumpet Festival,Backstage Experience,BRONZE,false,1,24129.0,24129.0
2025-07-09T09:58:48Z,F003,Guca Trumpet Festival,Backstage Experience,SILVER,false,1,22979.0,22979.0
2026-01-25T03:12:48Z,F003,Guca Trumpet Festival,Backstage Experience,SILVER,false,1,26935.0,26935.0
2025-04-16T07:55:48Z,F003,Guca Trumpet Festival,Backstage Experience,SILVER,false,1,27081.0,27081.0
2025-10-10T10:44:48Z,F003,Guca Trumpet Festival,Backstage Experience,SILVER,false,2,55510.0,27755.0
2025-07-13T16:36:48Z,F003,Guca Trumpet Festival,Backstage Experience,SILVER,false,2,52400.0,26200.0
2024-12-09T13:52:48Z,F003,Guca Trumpet Festival,Backstage Experience,SILVER,false,2,51974.0,25987.0
2025-03-22T17:21:48Z,F003,Guca Trumpet Festival,Backstage Experience,SILVER,false,2,47542.0,23771.0
2025-09-11T10:58:48Z,F003,Guca Trumpet Festival,Backstage Experience,SILVER,true,2,43364.88,21682.44
2025-08-05T04:08:48Z,F003,Guca Trumpet Festival,Backstage Experience,SILVER,false,2,81004.0,40502.0
2025-04-24T02:58:48Z,F003,Guca Trumpet Festival,Backstage Experience,SILVER,false,2,49838.0,24919.0
2026-02-03T14:41:48Z,F003,Guca Trumpet Festival,Backstage Experience,SILVER,false,1,26624.0,26624.0
2025-07-17T18:15:48Z,F003,Guca Trumpet Festival,Backstage Experience,SILVER,false,2,56154.0,28077.0
2025-05-25T07:35:48Z,F003,Guca Trumpet Festival,Backstage Experience,SILVER,false,1,22070.0,22070.0
2025-06-07T12:58:48Z,F003,Guca Trumpet Festival,Backstage Experience,SILVER,true,2,33896.94,16948.47
2026-02-05T12:40:48Z,F003,Guca Trumpet Festival,Backstage Experience,GOLD,false,3,69693.0,23231.0
2025-04-01T17:20:48Z,F003,Guca Trumpet Festival,Backstage Experience,GOLD,false,1,27548.0,27548.0
2025-06-19T06:12:48Z,F003,Guca Trumpet Festival,Backstage Experience,GOLD,false,3,78675.0,26225.0
2025-05-05T06:29:48Z,F003,Guca Trumpet Festival,Backstage Experience,GOLD,true,4,73356.36,18339.09
2025-06-04T04:48:48Z,F003,Guca Trumpet Festival,Backstage Experience,GOLD,false,2,47490.0,23745.0
2025-01-30T02:45:48Z,F003,Guca Trumpet Festival,Backstage Experience,GOLD,false,2,46648.0,23324.0
2025-05-13T18:07:48Z,F003,Guca Trumpet Festival,Backstage Experience,GOLD,true,1,22256.45,22256.45
2026-02-14T14:44:48Z,F003,Guca Trumpet Festival,Backstage Experience,GOLD,true,4,92669.84,23167.46
2025-12-19T03:14:48Z,F003,Guca Trumpet Festival,Backstage Experience,GOLD,true,2,42607.8,21303.9
2025-08-13T10:01:48Z,F003,Guca Trumpet Festival,Backstage Experience,GOLD,true,3,102584.16,34194.72
2025-10-11T07:21:48Z,F003,Guca Trumpet Festival,Backstage Experience,GOLD,false,3,81735.0,27245.0
2026-03-13T12:44:48Z,F003,Guca Trumpet Festival,Backstage Experience,GOLD,false,2,55404.0,27702.0
2026-04-17T14:05:48Z,F003,Guca Trumpet Festival,Backstage Experience,GOLD,true,4,79058.64,19764.66
2025-04-15T09:03:48Z,F003,Guca Trumpet Festival,Backstage Experience,GOLD,true,2,34018.98,17009.49
2025-01-09T15:13:48Z,F003,Guca Trumpet Festival,Backstage Experience,GOLD,false,1,25937.0,25937.0
2025-01-20T05:58:48Z,F003,Guca Trumpet Festival,Backstage Experience,GOLD,false,1,27332.0,27332.0
2026-02-01T16:41:48Z,F003,Guca Trumpet Festival,Backstage Experience,GOLD,false,3,66768.0,22256.0
2025-05-07T09:01:48Z,F003,Guca Trumpet Festival,Backstage Experience,GOLD,false,1,26261.0,26261.0
2025-03-15T10:56:48Z,F003,Guca Trumpet Festival,Day Pass,BRONZE,false,1,3083.0,3083.0
2025-03-19T05:35:48Z,F003,Guca Trumpet Festival,Day Pass,BRONZE,false,1,2662.0,2662.0
2025-06-24T11:10:48Z,F003,Guca Trumpet Festival,Day Pass,BRONZE,false,1,3012.0,3012.0
2026-01-25T11:27:48Z,F003,Guca Trumpet Festival,Day Pass,BRONZE,false,2,5198.0,2599.0
2026-04-08T12:32:48Z,F003,Guca Trumpet Festival,Day Pass,BRONZE,false,1,2567.0,2567.0
2026-04-21T06:22:48Z,F003,Guca Trumpet Festival,Day Pass,BRONZE,false,1,3231.0,3231.0
2025-03-15T10:58:48Z,F003,Guca Trumpet Festival,Day Pass,BRONZE,false,2,5526.0,2763.0
2025-01-22T06:09:48Z,F003,Guca Trumpet Festival,Day Pass,BRONZE,false,1,2714.0,2714.0
2025-12-05T12:44:48Z,F003,Guca Trumpet Festival,Day Pass,BRONZE,false,1,3196.0,3196.0
2025-01-17T03:11:48Z,F003,Guca Trumpet Festival,Day Pass,BRONZE,false,1,2683.0,2683.0
2026-02-23T11:13:48Z,F003,Guca Trumpet Festival,Day Pass,SILVER,false,2,6384.0,3192.0
2025-06-07T05:42:48Z,F003,Guca Trumpet Festival,Day Pass,SILVER,false,2,5814.0,2907.0
2025-12-31T18:08:48Z,F003,Guca Trumpet Festival,Day Pass,SILVER,true,1,2340.8,2340.8
2025-01-31T07:23:48Z,F003,Guca Trumpet Festival,Day Pass,SILVER,false,2,5842.0,2921.0
2026-02-23T07:56:48Z,F003,Guca Trumpet Festival,Day Pass,SILVER,false,2,5780.0,2890.0
2025-04-14T18:15:48Z,F003,Guca Trumpet Festival,Day Pass,SILVER,false,2,5964.0,2982.0
2025-02-04T10:58:48Z,F003,Guca Trumpet Festival,Day Pass,SILVER,false,1,2834.0,2834.0
2025-11-13T05:44:48Z,F003,Guca Trumpet Festival,Day Pass,SILVER,false,1,3131.0,3131.0
2025-12-31T07:10:48Z,F003,Guca Trumpet Festival,Day Pass,SILVER,true,1,2486.72,2486.72
2026-05-03T18:11:48Z,F003,Guca Trumpet Festival,Day Pass,SILVER,true,1,2480.87,2480.87
2025-08-05T12:34:48Z,F003,Guca Trumpet Festival,Day Pass,SILVER,false,1,3843.0,3843.0
2025-12-24T15:09:48Z,F003,Guca Trumpet Festival,Day Pass,SILVER,false,2,5532.0,2766.0
2026-03-05T05:11:48Z,F003,Guca Trumpet Festival,Day Pass,SILVER,true,2,4965.06,2482.53
2024-12-20T05:42:48Z,F003,Guca Trumpet Festival,Day Pass,SILVER,false,1,2918.0,2918.0
2025-10-09T08:58:48Z,F003,Guca Trumpet Festival,Day Pass,GOLD,false,3,9417.0,3139.0
2025-01-26T10:11:48Z,F003,Guca Trumpet Festival,Day Pass,GOLD,false,4,11816.0,2954.0
2025-12-09T16:24:48Z,F003,Guca Trumpet Festival,Day Pass,GOLD,true,2,4501.6,2250.8
2025-09-26T14:01:48Z,F003,Guca Trumpet Festival,Day Pass,GOLD,false,2,5312.0,2656.0
2026-01-25T05:33:48Z,F003,Guca Trumpet Festival,Day Pass,GOLD,true,2,4753.98,2376.99
2025-07-10T17:09:48Z,F003,Guca Trumpet Festival,Day Pass,GOLD,true,3,8147.16,2715.72
2025-04-07T16:46:48Z,F003,Guca Trumpet Festival,Day Pass,GOLD,false,2,6256.0,3128.0
2024-12-06T03:52:48Z,F003,Guca Trumpet Festival,Day Pass,GOLD,false,4,13460.0,3365.0
2025-06-01T08:03:48Z,F003,Guca Trumpet Festival,Day Pass,GOLD,false,1,3262.0,3262.0
2025-10-27T14:43:48Z,F003,Guca Trumpet Festival,Day Pass,GOLD,false,2,6804.0,3402.0
2025-11-18T11:45:48Z,F003,Guca Trumpet Festival,Day Pass,GOLD,false,2,6506.0,3253.0
2026-05-10T12:10:48Z,F003,Guca Trumpet Festival,Day Pass,GOLD,false,3,9495.0,3165.0
2025-07-12T08:30:48Z,F003,Guca Trumpet Festival,Day Pass,GOLD,false,3,9297.0,3099.0
2025-04-16T07:49:48Z,F003,Guca Trumpet Festival,Day Pass,GOLD,false,3,9087.0,3029.0
2025-11-27T17:54:48Z,F003,Guca Trumpet Festival,Day Pass,GOLD,false,4,12212.0,3053.0
2025-09-20T16:08:48Z,F003,Guca Trumpet Festival,Day Pass,GOLD,true,1,2266.88,2266.88
2025-01-28T08:34:48Z,F003,Guca Trumpet Festival,Day Pass,GOLD,false,2,6412.0,3206.0
2025-08-15T07:10:48Z,F003,Guca Trumpet Festival,Day Pass,GOLD,true,3,9490.68,3163.56
2025-12-04T16:23:48Z,F004,Sea Dance Festival,VIP All Access,BRONZE,false,1,16272.0,16272.0
2026-01-04T09:49:48Z,F004,Sea Dance Festival,VIP All Access,BRONZE,false,2,34058.0,17029.0
2025-01-19T14:41:48Z,F004,Sea Dance Festival,VIP All Access,BRONZE,false,2,30750.0,15375.0
2025-01-26T03:04:48Z,F004,Sea Dance Festival,VIP All Access,BRONZE,false,2,29262.0,14631.0
2025-12-13T09:06:48Z,F004,Sea Dance Festival,VIP All Access,BRONZE,false,1,16762.0,16762.0
2025-06-01T04:28:48Z,F004,Sea Dance Festival,VIP All Access,BRONZE,false,1,17831.0,17831.0
2026-02-13T10:52:48Z,F004,Sea Dance Festival,VIP All Access,BRONZE,false,1,14689.0,14689.0
2025-08-20T02:38:48Z,F004,Sea Dance Festival,VIP All Access,BRONZE,true,1,16004.08,16004.08
2025-01-23T11:48:48Z,F004,Sea Dance Festival,VIP All Access,BRONZE,true,2,26946.9,13473.45
2026-05-24T09:28:48Z,F004,Sea Dance Festival,VIP All Access,BRONZE,false,1,15843.0,15843.0
2026-01-19T04:39:48Z,F004,Sea Dance Festival,VIP All Access,SILVER,false,1,14495.0,14495.0
2025-11-06T13:35:48Z,F004,Sea Dance Festival,VIP All Access,SILVER,false,2,28966.0,14483.0
2024-12-11T05:59:48Z,F004,Sea Dance Festival,VIP All Access,SILVER,false,1,15057.0,15057.0
2025-08-08T04:00:48Z,F004,Sea Dance Festival,VIP All Access,SILVER,false,2,47210.0,23605.0
2025-03-28T14:33:48Z,F004,Sea Dance Festival,VIP All Access,SILVER,true,2,26126.84,13063.42
2025-12-20T16:48:48Z,F004,Sea Dance Festival,VIP All Access,SILVER,false,1,13697.0,13697.0
2025-02-24T05:27:48Z,F004,Sea Dance Festival,VIP All Access,SILVER,false,1,17872.0,17872.0
2025-07-05T09:12:48Z,F004,Sea Dance Festival,VIP All Access,SILVER,true,1,17463.42,17463.42
2026-02-20T05:04:48Z,F004,Sea Dance Festival,VIP All Access,SILVER,false,1,16587.0,16587.0
2025-11-06T03:22:48Z,F004,Sea Dance Festival,VIP All Access,SILVER,false,1,13830.0,13830.0
2025-02-12T10:15:48Z,F004,Sea Dance Festival,VIP All Access,SILVER,false,2,29328.0,14664.0
2026-01-20T15:37:48Z,F004,Sea Dance Festival,VIP All Access,SILVER,false,1,13576.0,13576.0
2025-02-04T04:01:48Z,F004,Sea Dance Festival,VIP All Access,SILVER,false,2,34634.0,17317.0
2025-03-20T12:07:48Z,F004,Sea Dance Festival,VIP All Access,SILVER,false,1,16586.0,16586.0
2026-02-23T14:42:48Z,F004,Sea Dance Festival,VIP All Access,GOLD,false,1,17200.0,17200.0
2025-07-15T07:04:48Z,F004,Sea Dance Festival,VIP All Access,GOLD,false,3,61800.0,20600.0
2025-04-28T12:00:48Z,F004,Sea Dance Festival,VIP All Access,GOLD,false,3,52473.0,17491.0
2024-12-13T06:24:48Z,F004,Sea Dance Festival,VIP All Access,GOLD,false,4,54752.0,13688.0
2025-02-27T11:30:48Z,F004,Sea Dance Festival,VIP All Access,GOLD,true,3,38456.76,12818.92
2026-05-10T06:27:48Z,F004,Sea Dance Festival,VIP All Access,GOLD,true,3,37396.08,12465.36
2025-01-26T16:58:48Z,F004,Sea Dance Festival,VIP All Access,GOLD,false,3,47919.0,15973.0
2025-08-15T05:29:48Z,F004,Sea Dance Festival,VIP All Access,GOLD,false,4,90532.0,22633.0
2025-12-02T06:59:48Z,F004,Sea Dance Festival,VIP All Access,GOLD,false,1,16450.0,16450.0
2025-02-11T08:37:48Z,F004,Sea Dance Festival,VIP All Access,GOLD,false,3,47058.0,15686.0
2025-10-11T06:53:48Z,F004,Sea Dance Festival,VIP All Access,GOLD,false,3,48153.0,16051.0
2025-05-23T02:37:48Z,F004,Sea Dance Festival,VIP All Access,GOLD,false,2,29216.0,14608.0
2026-02-21T11:10:48Z,F004,Sea Dance Festival,VIP All Access,GOLD,false,3,45354.0,15118.0
2026-03-20T16:39:48Z,F004,Sea Dance Festival,VIP All Access,GOLD,false,4,67944.0,16986.0
2025-05-30T05:10:48Z,F004,Sea Dance Festival,VIP All Access,GOLD,false,2,29526.0,14763.0
2025-06-21T11:03:48Z,F004,Sea Dance Festival,VIP All Access,GOLD,false,1,17489.0,17489.0
2024-12-21T03:09:48Z,F004,Sea Dance Festival,VIP All Access,GOLD,false,4,64476.0,16119.0
2025-07-07T03:52:48Z,F004,Sea Dance Festival,VIP All Access,GOLD,false,4,79232.0,19808.0
2025-05-03T13:42:48Z,F004,Sea Dance Festival,Regular,BRONZE,true,2,7929.4,3964.7
2025-03-04T14:40:48Z,F004,Sea Dance Festival,Regular,BRONZE,false,1,5253.0,5253.0
2025-05-20T06:45:48Z,F004,Sea Dance Festival,Regular,BRONZE,false,1,4739.0,4739.0
2026-04-11T13:19:48Z,F004,Sea Dance Festival,Regular,BRONZE,true,2,8304.16,4152.08
2025-07-29T03:59:48Z,F004,Sea Dance Festival,Regular,BRONZE,false,2,12988.0,6494.0
2026-03-12T03:19:48Z,F004,Sea Dance Festival,Regular,BRONZE,true,2,8956.5,4478.25
2025-09-08T10:54:48Z,F004,Sea Dance Festival,Regular,BRONZE,false,1,5317.0,5317.0
2025-12-24T13:54:48Z,F004,Sea Dance Festival,Regular,BRONZE,false,1,5480.0,5480.0
2025-12-22T09:50:48Z,F004,Sea Dance Festival,Regular,BRONZE,false,2,10218.0,5109.0
2026-04-09T02:49:48Z,F004,Sea Dance Festival,Regular,BRONZE,true,2,10364.94,5182.47
2025-09-15T08:26:48Z,F004,Sea Dance Festival,Regular,SILVER,false,2,9560.0,4780.0
2025-04-02T09:43:48Z,F004,Sea Dance Festival,Regular,SILVER,false,1,5717.0,5717.0
2026-04-06T17:30:48Z,F004,Sea Dance Festival,Regular,SILVER,true,2,9587.08,4793.54
2025-05-15T06:57:48Z,F004,Sea Dance Festival,Regular,SILVER,true,1,4531.34,4531.34
2025-06-04T14:55:48Z,F004,Sea Dance Festival,Regular,SILVER,false,1,5954.0,5954.0
2025-09-18T04:30:48Z,F004,Sea Dance Festival,Regular,SILVER,false,2,10348.0,5174.0
2025-05-25T10:10:48Z,F004,Sea Dance Festival,Regular,SILVER,false,1,5116.0,5116.0
2025-06-06T10:27:48Z,F004,Sea Dance Festival,Regular,SILVER,false,2,11172.0,5586.0
2025-02-10T09:41:48Z,F004,Sea Dance Festival,Regular,SILVER,true,1,4163.96,4163.96
2026-05-02T16:09:48Z,F004,Sea Dance Festival,Regular,SILVER,true,1,3590.24,3590.24
2025-01-10T05:22:48Z,F004,Sea Dance Festival,Regular,SILVER,false,1,5223.0,5223.0
2024-12-03T15:50:48Z,F004,Sea Dance Festival,Regular,SILVER,false,1,5131.0,5131.0
2026-02-14T10:08:48Z,F004,Sea Dance Festival,Regular,SILVER,false,2,10446.0,5223.0
2025-03-12T15:25:48Z,F004,Sea Dance Festival,Regular,SILVER,false,1,4882.0,4882.0
2025-02-25T11:55:48Z,F004,Sea Dance Festival,Regular,GOLD,false,4,23260.0,5815.0
2024-12-07T02:53:48Z,F004,Sea Dance Festival,Regular,GOLD,false,1,5284.0,5284.0
2025-06-30T12:43:48Z,F004,Sea Dance Festival,Regular,GOLD,false,2,10086.0,5043.0
2025-08-18T11:11:48Z,F004,Sea Dance Festival,Regular,GOLD,false,3,21483.0,7161.0
2026-01-12T08:43:48Z,F004,Sea Dance Festival,Regular,GOLD,true,4,17475.84,4368.96
2026-04-11T10:36:48Z,F004,Sea Dance Festival,Regular,GOLD,false,4,21464.0,5366.0
2025-04-02T09:45:48Z,F004,Sea Dance Festival,Regular,GOLD,true,2,9307.0,4653.5
2025-11-13T03:27:48Z,F004,Sea Dance Festival,Regular,GOLD,false,1,5084.0,5084.0
2025-04-29T18:16:48Z,F004,Sea Dance Festival,Regular,GOLD,true,1,4698.0,4698.0
2025-02-21T04:03:48Z,F004,Sea Dance Festival,Regular,GOLD,false,4,20304.0,5076.0
2026-05-19T12:02:48Z,F004,Sea Dance Festival,Regular,GOLD,false,1,5945.0,5945.0
2025-05-30T17:45:48Z,F004,Sea Dance Festival,Regular,GOLD,true,3,10567.44,3522.48
2026-05-08T09:56:48Z,F004,Sea Dance Festival,Regular,GOLD,false,1,4754.0,4754.0
2024-12-02T07:22:48Z,F004,Sea Dance Festival,Regular,GOLD,false,4,23980.0,5995.0
2026-01-10T14:54:48Z,F004,Sea Dance Festival,Regular,GOLD,false,1,4800.0,4800.0
2025-02-10T04:52:48Z,F004,Sea Dance Festival,Regular,GOLD,false,3,14781.0,4927.0
2025-09-11T09:55:48Z,F004,Sea Dance Festival,Regular,GOLD,false,4,23780.0,5945.0
2024-12-06T10:28:48Z,F004,Sea Dance Festival,Regular,GOLD,false,1,5111.0,5111.0
2026-05-01T11:38:48Z,F004,Sea Dance Festival,Fan Pit Pass,BRONZE,false,2,18946.0,9473.0
2025-08-15T16:41:48Z,F004,Sea Dance Festival,Fan Pit Pass,BRONZE,false,1,11545.0,11545.0
2026-03-16T17:14:48Z,F004,Sea Dance Festival,Fan Pit Pass,BRONZE,false,1,8608.0,8608.0
2025-08-23T04:41:48Z,F004,Sea Dance Festival,Fan Pit Pass,BRONZE,false,1,11773.0,11773.0
2025-07-25T12:43:48Z,F004,Sea Dance Festival,Fan Pit Pass,BRONZE,false,1,12816.0,12816.0
2025-08-28T09:35:48Z,F004,Sea Dance Festival,Fan Pit Pass,BRONZE,true,2,15231.92,7615.96
2026-04-03T12:39:48Z,F004,Sea Dance Festival,Fan Pit Pass,BRONZE,true,2,12205.5,6102.75
2025-06-14T18:04:48Z,F004,Sea Dance Festival,Fan Pit Pass,BRONZE,false,1,7679.0,7679.0
2025-07-01T09:29:48Z,F004,Sea Dance Festival,Fan Pit Pass,BRONZE,true,2,21868.0,10934.0
2025-02-20T17:56:48Z,F004,Sea Dance Festival,Fan Pit Pass,BRONZE,false,1,7216.0,7216.0
2025-12-17T12:48:48Z,F004,Sea Dance Festival,Fan Pit Pass,SILVER,false,2,18710.0,9355.0
2026-05-09T10:42:48Z,F004,Sea Dance Festival,Fan Pit Pass,SILVER,true,1,6031.74,6031.74
2026-04-05T03:49:48Z,F004,Sea Dance Festival,Fan Pit Pass,SILVER,false,1,8033.0,8033.0
2025-04-04T16:37:48Z,F004,Sea Dance Festival,Fan Pit Pass,SILVER,false,1,8854.0,8854.0
2025-12-25T05:37:48Z,F004,Sea Dance Festival,Fan Pit Pass,SILVER,true,2,13876.96,6938.48
2025-09-03T17:56:48Z,F004,Sea Dance Festival,Fan Pit Pass,SILVER,false,1,8023.0,8023.0
2025-07-05T16:01:48Z,F004,Sea Dance Festival,Fan Pit Pass,SILVER,false,2,24314.0,12157.0
2025-09-14T16:28:48Z,F004,Sea Dance Festival,Fan Pit Pass,SILVER,false,1,8571.0,8571.0
2025-09-04T09:52:48Z,F004,Sea Dance Festival,Fan Pit Pass,SILVER,true,2,12849.72,6424.86
2025-05-04T18:08:48Z,F004,Sea Dance Festival,Fan Pit Pass,SILVER,false,2,14446.0,7223.0
2026-05-15T13:07:48Z,F004,Sea Dance Festival,Fan Pit Pass,SILVER,false,2,16736.0,8368.0
2025-01-19T14:23:48Z,F004,Sea Dance Festival,Fan Pit Pass,SILVER,true,1,7617.02,7617.02
2025-03-10T17:04:48Z,F004,Sea Dance Festival,Fan Pit Pass,SILVER,false,2,16006.0,8003.0
2025-08-22T13:18:48Z,F004,Sea Dance Festival,Fan Pit Pass,SILVER,false,2,22108.0,11054.0
2025-06-23T08:06:48Z,F004,Sea Dance Festival,Fan Pit Pass,GOLD,false,3,23649.0,7883.0
2026-04-15T17:13:48Z,F004,Sea Dance Festival,Fan Pit Pass,GOLD,false,3,22164.0,7388.0
2025-04-29T07:57:48Z,F004,Sea Dance Festival,Fan Pit Pass,GOLD,false,3,27417.0,9139.0
2026-01-20T04:22:48Z,F004,Sea Dance Festival,Fan Pit Pass,GOLD,false,2,15178.0,7589.0
2025-09-26T10:55:48Z,F004,Sea Dance Festival,Fan Pit Pass,GOLD,false,3,26241.0,8747.0
2025-12-08T16:43:48Z,F004,Sea Dance Festival,Fan Pit Pass,GOLD,true,1,6537.72,6537.72
2025-08-16T04:30:48Z,F004,Sea Dance Festival,Fan Pit Pass,GOLD,true,1,7798.36,7798.36
2026-03-31T03:18:48Z,F004,Sea Dance Festival,Fan Pit Pass,GOLD,true,1,7330.5,7330.5
2025-02-26T14:36:48Z,F004,Sea Dance Festival,Fan Pit Pass,GOLD,false,3,23250.0,7750.0
2025-04-10T06:50:48Z,F004,Sea Dance Festival,Fan Pit Pass,GOLD,true,1,7830.2,7830.2
2025-10-31T17:46:48Z,F004,Sea Dance Festival,Fan Pit Pass,GOLD,false,3,28620.0,9540.0
2025-04-19T07:54:48Z,F004,Sea Dance Festival,Fan Pit Pass,GOLD,false,4,34536.0,8634.0
2025-10-15T13:47:48Z,F004,Sea Dance Festival,Fan Pit Pass,GOLD,false,1,8495.0,8495.0
2025-12-11T15:33:48Z,F004,Sea Dance Festival,Fan Pit Pass,GOLD,true,1,5907.72,5907.72
2025-04-20T13:35:48Z,F004,Sea Dance Festival,Fan Pit Pass,GOLD,false,1,8326.0,8326.0
2026-04-19T17:36:48Z,F004,Sea Dance Festival,Fan Pit Pass,GOLD,false,4,28888.0,7222.0
2025-07-26T02:52:48Z,F004,Sea Dance Festival,Fan Pit Pass,GOLD,false,4,43724.0,10931.0
2026-02-22T14:32:48Z,F004,Sea Dance Festival,Fan Pit Pass,GOLD,false,4,30368.0,7592.0
2025-07-15T10:22:48Z,F004,Sea Dance Festival,Backstage Experience,BRONZE,false,1,34650.0,34650.0
2025-09-06T11:58:48Z,F004,Sea Dance Festival,Backstage Experience,BRONZE,false,2,56144.0,28072.0
2025-02-10T07:25:48Z,F004,Sea Dance Festival,Backstage Experience,BRONZE,false,2,49344.0,24672.0
2025-09-06T17:29:48Z,F004,Sea Dance Festival,Backstage Experience,BRONZE,true,1,20422.1,20422.1
2025-06-10T05:35:48Z,F004,Sea Dance Festival,Backstage Experience,BRONZE,false,2,49038.0,24519.0
2025-07-28T04:26:48Z,F004,Sea Dance Festival,Backstage Experience,BRONZE,false,1,30524.0,30524.0
2025-10-17T17:40:48Z,F004,Sea Dance Festival,Backstage Experience,BRONZE,false,1,25978.0,25978.0
2025-04-30T03:34:48Z,F004,Sea Dance Festival,Backstage Experience,BRONZE,false,1,28317.0,28317.0
2025-06-05T09:14:48Z,F004,Sea Dance Festival,Backstage Experience,BRONZE,false,2,57624.0,28812.0
2025-04-05T09:41:48Z,F004,Sea Dance Festival,Backstage Experience,BRONZE,true,2,42426.0,21213.0
2025-06-23T17:04:48Z,F004,Sea Dance Festival,Backstage Experience,SILVER,false,1,28282.0,28282.0
2025-10-17T12:27:48Z,F004,Sea Dance Festival,Backstage Experience,SILVER,false,1,27219.0,27219.0
2026-05-19T05:33:48Z,F004,Sea Dance Festival,Backstage Experience,SILVER,true,2,40207.86,20103.93
2025-07-13T05:32:48Z,F004,Sea Dance Festival,Backstage Experience,SILVER,true,2,57381.48,28690.74
2025-04-03T15:07:48Z,F004,Sea Dance Festival,Backstage Experience,SILVER,false,1,24323.0,24323.0
2026-04-02T06:40:48Z,F004,Sea Dance Festival,Backstage Experience,SILVER,true,1,25170.09,25170.09
2025-11-13T03:20:48Z,F004,Sea Dance Festival,Backstage Experience,SILVER,false,1,25166.0,25166.0
2025-03-21T06:48:48Z,F004,Sea Dance Festival,Backstage Experience,SILVER,false,2,48490.0,24245.0
2026-02-24T08:18:48Z,F004,Sea Dance Festival,Backstage Experience,SILVER,false,2,55338.0,27669.0
2025-08-15T03:48:48Z,F004,Sea Dance Festival,Backstage Experience,SILVER,false,2,75060.0,37530.0
2026-04-17T08:53:48Z,F004,Sea Dance Festival,Backstage Experience,SILVER,false,2,47800.0,23900.0
2026-03-26T11:12:48Z,F004,Sea Dance Festival,Backstage Experience,SILVER,true,1,25286.8,25286.8
2025-09-30T10:51:48Z,F004,Sea Dance Festival,Backstage Experience,SILVER,false,1,25253.0,25253.0
2026-05-04T15:03:48Z,F004,Sea Dance Festival,Backstage Experience,SILVER,false,1,23892.0,23892.0
2025-12-09T09:37:48Z,F004,Sea Dance Festival,Backstage Experience,GOLD,true,4,89305.6,22326.4
2025-05-08T11:37:48Z,F004,Sea Dance Festival,Backstage Experience,GOLD,true,3,62912.04,20970.68
2025-02-08T04:10:48Z,F004,Sea Dance Festival,Backstage Experience,GOLD,false,2,59066.0,29533.0
2025-06-26T05:48:48Z,F004,Sea Dance Festival,Backstage Experience,GOLD,false,1,23937.0,23937.0
2026-01-03T17:50:48Z,F004,Sea Dance Festival,Backstage Experience,GOLD,true,3,70939.8,23646.6
2025-02-12T03:16:48Z,F004,Sea Dance Festival,Backstage Experience,GOLD,false,4,117632.0,29408.0
2025-02-21T17:08:48Z,F004,Sea Dance Festival,Backstage Experience,GOLD,false,3,81876.0,27292.0
2026-01-31T14:07:48Z,F004,Sea Dance Festival,Backstage Experience,GOLD,false,3,83439.0,27813.0
2025-02-12T11:21:48Z,F004,Sea Dance Festival,Backstage Experience,GOLD,true,1,25738.95,25738.95
2025-12-31T08:29:48Z,F004,Sea Dance Festival,Backstage Experience,GOLD,false,2,52892.0,26446.0
2025-06-03T16:04:48Z,F004,Sea Dance Festival,Backstage Experience,GOLD,false,3,69873.0,23291.0
2026-02-12T05:27:48Z,F004,Sea Dance Festival,Backstage Experience,GOLD,false,4,113772.0,28443.0
2025-05-12T17:16:48Z,F004,Sea Dance Festival,Backstage Experience,GOLD,false,3,75426.0,25142.0
2025-10-30T13:43:48Z,F004,Sea Dance Festival,Backstage Experience,GOLD,false,4,112924.0,28231.0
2025-10-29T09:53:48Z,F004,Sea Dance Festival,Backstage Experience,GOLD,false,4,106368.0,26592.0
2025-08-19T13:45:48Z,F004,Sea Dance Festival,Backstage Experience,GOLD,true,4,124265.36,31066.34
2025-09-19T02:50:48Z,F004,Sea Dance Festival,Backstage Experience,GOLD,true,3,52904.25,17634.75
2025-07-09T12:18:48Z,F004,Sea Dance Festival,Backstage Experience,GOLD,false,3,114561.0,38187.0
2026-05-09T06:23:48Z,F004,Sea Dance Festival,Day Pass,BRONZE,true,2,4702.48,2351.24
2025-08-14T09:33:48Z,F004,Sea Dance Festival,Day Pass,BRONZE,false,1,4630.0,4630.0
2025-07-12T05:03:48Z,F004,Sea Dance Festival,Day Pass,BRONZE,true,2,6302.4,3151.2
2025-03-09T11:19:48Z,F004,Sea Dance Festival,Day Pass,BRONZE,true,2,5977.24,2988.62
2025-11-09T14:13:48Z,F004,Sea Dance Festival,Day Pass,BRONZE,false,2,6870.0,3435.0
2025-04-04T10:04:48Z,F004,Sea Dance Festival,Day Pass,BRONZE,false,1,3288.0,3288.0
2025-12-28T03:36:48Z,F004,Sea Dance Festival,Day Pass,BRONZE,false,2,6344.0,3172.0
2025-05-04T12:49:48Z,F004,Sea Dance Festival,Day Pass,BRONZE,true,1,2629.12,2629.12
2026-01-08T17:05:48Z,F004,Sea Dance Festival,Day Pass,BRONZE,true,1,2782.96,2782.96
2026-01-09T06:25:48Z,F004,Sea Dance Festival,Day Pass,BRONZE,false,2,6006.0,3003.0
2025-01-21T14:33:48Z,F004,Sea Dance Festival,Day Pass,SILVER,false,2,5554.0,2777.0
2025-04-14T06:47:48Z,F004,Sea Dance Festival,Day Pass,SILVER,false,2,6406.0,3203.0
2025-06-20T09:32:48Z,F004,Sea Dance Festival,Day Pass,SILVER,false,2,5528.0,2764.0
2025-03-03T05:59:48Z,F004,Sea Dance Festival,Day Pass,SILVER,false,2,6144.0,3072.0
2025-10-26T13:55:48Z,F004,Sea Dance Festival,Day Pass,SILVER,true,2,5593.0,2796.5
2026-02-27T06:45:48Z,F004,Sea Dance Festival,Day Pass,SILVER,true,1,2301.6,2301.6
2025-02-27T06:04:48Z,F004,Sea Dance Festival,Day Pass,SILVER,false,1,2749.0,2749.0
2025-09-22T02:38:48Z,F004,Sea Dance Festival,Day Pass,SILVER,false,1,3324.0,3324.0
2026-03-29T02:38:48Z,F004,Sea Dance Festival,Day Pass,SILVER,true,1,2368.16,2368.16
2025-08-23T17:56:48Z,F004,Sea Dance Festival,Day Pass,SILVER,false,1,4532.0,4532.0
2024-12-20T14:54:48Z,F004,Sea Dance Festival,Day Pass,SILVER,false,1,3515.0,3515.0
2025-02-01T11:29:48Z,F004,Sea Dance Festival,Day Pass,SILVER,true,2,5456.0,2728.0
2024-12-10T04:41:48Z,F004,Sea Dance Festival,Day Pass,SILVER,false,2,6588.0,3294.0
2024-12-21T12:12:48Z,F004,Sea Dance Festival,Day Pass,SILVER,true,2,5871.6,2935.8
2025-03-13T12:48:48Z,F004,Sea Dance Festival,Day Pass,GOLD,true,1,2853.6,2853.6
2026-03-15T02:19:48Z,F004,Sea Dance Festival,Day Pass,GOLD,false,3,8769.0,2923.0
2026-01-08T07:18:48Z,F004,Sea Dance Festival,Day Pass,GOLD,false,3,9036.0,3012.0
2025-10-07T09:49:48Z,F004,Sea Dance Festival,Day Pass,GOLD,false,1,2948.0,2948.0
2026-01-02T02:52:48Z,F004,Sea Dance Festival,Day Pass,GOLD,true,2,5473.16,2736.58
2025-04-21T05:03:48Z,F004,Sea Dance Festival,Day Pass,GOLD,false,2,6088.0,3044.0
2025-05-07T15:36:48Z,F004,Sea Dance Festival,Day Pass,GOLD,false,3,10557.0,3519.0
2025-04-15T08:58:48Z,F004,Sea Dance Festival,Day Pass,GOLD,false,2,5650.0,2825.0
2025-10-14T06:44:48Z,F004,Sea Dance Festival,Day Pass,GOLD,false,2,7192.0,3596.0
2025-05-12T12:21:48Z,F004,Sea Dance Festival,Day Pass,GOLD,true,1,2465.54,2465.54
2025-04-30T03:05:48Z,F004,Sea Dance Festival,Day Pass,GOLD,false,4,11948.0,2987.0
2025-10-08T17:04:48Z,F004,Sea Dance Festival,Day Pass,GOLD,true,3,9239.4,3079.8
2025-04-15T07:18:48Z,F004,Sea Dance Festival,Day Pass,GOLD,false,3,10158.0,3386.0
2025-07-26T09:31:48Z,F004,Sea Dance Festival,Day Pass,GOLD,true,3,10483.2,3494.4
2025-04-18T18:02:48Z,F004,Sea Dance Festival,Day Pass,GOLD,false,2,6570.0,3285.0
2026-04-19T17:25:48Z,F004,Sea Dance Festival,Day Pass,GOLD,true,2,4498.26,2249.13
2024-12-17T10:43:48Z,F004,Sea Dance Festival,Day Pass,GOLD,false,2,5800.0,2900.0
2025-02-07T08:16:48Z,F004,Sea Dance Festival,Day Pass,GOLD,false,4,14236.0,3559.0
2026-04-17T13:12:48Z,F005,Nishville Jazz Festival,VIP All Access,BRONZE,false,1,15559.0,15559.0
2025-01-13T15:03:48Z,F005,Nishville Jazz Festival,VIP All Access,BRONZE,false,1,14908.0,14908.0
2026-03-09T17:09:48Z,F005,Nishville Jazz Festival,VIP All Access,BRONZE,false,1,17450.0,17450.0
2026-01-11T03:52:48Z,F005,Nishville Jazz Festival,VIP All Access,BRONZE,true,1,12651.69,12651.69
2025-10-09T11:46:48Z,F005,Nishville Jazz Festival,VIP All Access,BRONZE,false,2,28498.0,14249.0
2025-01-26T06:46:48Z,F005,Nishville Jazz Festival,VIP All Access,BRONZE,true,2,28265.4,14132.7
2025-06-04T06:42:48Z,F005,Nishville Jazz Festival,VIP All Access,BRONZE,true,2,25499.26,12749.63
2025-06-26T16:22:48Z,F005,Nishville Jazz Festival,VIP All Access,BRONZE,false,1,14625.0,14625.0
2025-04-07T04:24:48Z,F005,Nishville Jazz Festival,VIP All Access,BRONZE,true,2,26351.24,13175.62
2026-05-09T07:41:48Z,F005,Nishville Jazz Festival,VIP All Access,BRONZE,false,1,15977.0,15977.0
2025-11-10T06:27:48Z,F005,Nishville Jazz Festival,VIP All Access,SILVER,false,1,17410.0,17410.0
2025-01-23T15:36:48Z,F005,Nishville Jazz Festival,VIP All Access,SILVER,false,2,29786.0,14893.0
2025-06-05T06:14:48Z,F005,Nishville Jazz Festival,VIP All Access,SILVER,true,1,11132.68,11132.68
2024-12-14T16:48:48Z,F005,Nishville Jazz Festival,VIP All Access,SILVER,false,1,17349.0,17349.0
2026-04-21T09:30:48Z,F005,Nishville Jazz Festival,VIP All Access,SILVER,false,2,32300.0,16150.0
2026-02-27T04:55:48Z,F005,Nishville Jazz Festival,VIP All Access,SILVER,false,1,16200.0,16200.0
2025-09-12T08:20:48Z,F005,Nishville Jazz Festival,VIP All Access,SILVER,false,1,16482.0,16482.0
2025-01-08T07:11:48Z,F005,Nishville Jazz Festival,VIP All Access,SILVER,false,2,27292.0,13646.0
2025-03-01T03:23:48Z,F005,Nishville Jazz Festival,VIP All Access,SILVER,true,1,13223.36,13223.36
2025-06-01T17:04:48Z,F005,Nishville Jazz Festival,VIP All Access,SILVER,true,1,13850.3,13850.3
2025-12-14T15:09:48Z,F005,Nishville Jazz Festival,VIP All Access,SILVER,false,2,27610.0,13805.0
2025-02-06T11:47:48Z,F005,Nishville Jazz Festival,VIP All Access,SILVER,false,2,28210.0,14105.0
2026-01-29T09:01:48Z,F005,Nishville Jazz Festival,VIP All Access,SILVER,true,1,11408.39,11408.39
2025-03-01T18:03:48Z,F005,Nishville Jazz Festival,VIP All Access,SILVER,false,2,33198.0,16599.0
2025-10-22T10:50:48Z,F005,Nishville Jazz Festival,VIP All Access,GOLD,false,3,48264.0,16088.0
2026-04-24T17:48:48Z,F005,Nishville Jazz Festival,VIP All Access,GOLD,false,2,34272.0,17136.0
2025-06-18T02:24:48Z,F005,Nishville Jazz Festival,VIP All Access,GOLD,false,1,13608.0,13608.0
2025-07-02T15:43:48Z,F005,Nishville Jazz Festival,VIP All Access,GOLD,false,3,47280.0,15760.0
2025-07-07T02:57:48Z,F005,Nishville Jazz Festival,VIP All Access,GOLD,false,3,49698.0,16566.0
2025-02-09T11:36:48Z,F005,Nishville Jazz Festival,VIP All Access,GOLD,false,3,47340.0,15780.0
2025-03-28T12:38:48Z,F005,Nishville Jazz Festival,VIP All Access,GOLD,false,1,15282.0,15282.0
2025-06-18T13:10:48Z,F005,Nishville Jazz Festival,VIP All Access,GOLD,false,4,60084.0,15021.0
2025-01-07T06:47:48Z,F005,Nishville Jazz Festival,VIP All Access,GOLD,false,4,56796.0,14199.0
2025-11-10T17:07:48Z,F005,Nishville Jazz Festival,VIP All Access,GOLD,false,1,17164.0,17164.0
2025-10-04T12:52:48Z,F005,Nishville Jazz Festival,VIP All Access,GOLD,false,2,31822.0,15911.0
2025-11-06T13:21:48Z,F005,Nishville Jazz Festival,VIP All Access,GOLD,false,3,53589.0,17863.0
2025-11-14T14:57:48Z,F005,Nishville Jazz Festival,VIP All Access,GOLD,false,2,31808.0,15904.0
2026-01-04T07:55:48Z,F005,Nishville Jazz Festival,VIP All Access,GOLD,false,3,42078.0,14026.0
2025-10-20T03:34:48Z,F005,Nishville Jazz Festival,VIP All Access,GOLD,false,4,61448.0,15362.0
2025-12-17T17:10:48Z,F005,Nishville Jazz Festival,VIP All Access,GOLD,false,2,35556.0,17778.0
2025-05-30T05:40:48Z,F005,Nishville Jazz Festival,VIP All Access,GOLD,false,2,34064.0,17032.0
2026-03-01T03:08:48Z,F005,Nishville Jazz Festival,VIP All Access,GOLD,true,2,23821.44,11910.72
2026-05-22T12:06:48Z,F005,Nishville Jazz Festival,Regular,BRONZE,false,1,4991.0,4991.0
2026-05-14T06:30:48Z,F005,Nishville Jazz Festival,Regular,BRONZE,false,2,11174.0,5587.0
2026-05-20T05:17:48Z,F005,Nishville Jazz Festival,Regular,BRONZE,false,1,4966.0,4966.0
2025-03-01T12:46:48Z,F005,Nishville Jazz Festival,Regular,BRONZE,false,1,5834.0,5834.0
2025-10-17T02:53:48Z,F005,Nishville Jazz Festival,Regular,BRONZE,false,1,5638.0,5638.0
2025-06-17T11:34:48Z,F005,Nishville Jazz Festival,Regular,BRONZE,false,2,10596.0,5298.0
2025-09-07T06:27:48Z,F005,Nishville Jazz Festival,Regular,BRONZE,false,1,5647.0,5647.0
2026-05-12T05:30:48Z,F005,Nishville Jazz Festival,Regular,BRONZE,false,2,10628.0,5314.0
2025-09-18T09:27:48Z,F005,Nishville Jazz Festival,Regular,BRONZE,false,2,10596.0,5298.0
2025-01-22T06:18:48Z,F005,Nishville Jazz Festival,Regular,BRONZE,true,1,4633.34,4633.34
2026-02-11T14:28:48Z,F005,Nishville Jazz Festival,Regular,SILVER,false,2,11114.0,5557.0
2025-10-17T13:09:48Z,F005,Nishville Jazz Festival,Regular,SILVER,false,1,4797.0,4797.0
2026-03-23T06:22:48Z,F005,Nishville Jazz Festival,Regular,SILVER,true,2,9722.3,4861.15
2026-03-23T17:31:48Z,F005,Nishville Jazz Festival,Regular,SILVER,false,1,5921.0,5921.0
2025-08-23T13:42:48Z,F005,Nishville Jazz Festival,Regular,SILVER,false,2,10982.0,5491.0
2025-10-30T16:48:48Z,F005,Nishville Jazz Festival,Regular,SILVER,true,2,7544.7,3772.35
2025-05-25T12:06:48Z,F005,Nishville Jazz Festival,Regular,SILVER,false,1,5023.0,5023.0
2026-01-21T05:37:48Z,F005,Nishville Jazz Festival,Regular,SILVER,false,1,5334.0,5334.0
2026-03-19T14:54:48Z,F005,Nishville Jazz Festival,Regular,SILVER,false,1,5120.0,5120.0
2026-04-09T14:21:48Z,F005,Nishville Jazz Festival,Regular,SILVER,false,2,10022.0,5011.0
2026-02-20T12:51:48Z,F005,Nishville Jazz Festival,Regular,SILVER,false,1,5541.0,5541.0
2025-02-19T17:24:48Z,F005,Nishville Jazz Festival,Regular,SILVER,false,2,10776.0,5388.0
2025-03-11T16:28:48Z,F005,Nishville Jazz Festival,Regular,SILVER,true,2,8733.12,4366.56
2025-12-25T12:48:48Z,F005,Nishville Jazz Festival,Regular,SILVER,true,1,4264.26,4264.26
2024-12-02T06:59:48Z,F005,Nishville Jazz Festival,Regular,GOLD,false,3,14172.0,4724.0
2026-03-04T08:30:48Z,F005,Nishville Jazz Festival,Regular,GOLD,false,3,16566.0,5522.0
2025-10-09T16:02:48Z,F005,Nishville Jazz Festival,Regular,GOLD,false,3,17922.0,5974.0
2024-12-10T15:11:48Z,F005,Nishville Jazz Festival,Regular,GOLD,true,3,10695.48,3565.16
2025-01-25T03:02:48Z,F005,Nishville Jazz Festival,Regular,GOLD,true,3,13777.2,4592.4
2025-01-02T09:44:48Z,F005,Nishville Jazz Festival,Regular,GOLD,false,4,22212.0,5553.0
2025-12-28T14:41:48Z,F005,Nishville Jazz Festival,Regular,GOLD,false,2,10306.0,5153.0
2026-04-02T06:29:48Z,F005,Nishville Jazz Festival,Regular,GOLD,false,3,15999.0,5333.0
2025-05-08T12:12:48Z,F005,Nishville Jazz Festival,Regular,GOLD,true,2,8808.0,4404.0
2025-04-28T17:59:48Z,F005,Nishville Jazz Festival,Regular,GOLD,true,2,8248.0,4124.0
2026-01-31T17:14:48Z,F005,Nishville Jazz Festival,Regular,GOLD,false,4,22732.0,5683.0
2026-03-12T15:52:48Z,F005,Nishville Jazz Festival,Regular,GOLD,false,4,22920.0,5730.0
2025-06-10T15:55:48Z,F005,Nishville Jazz Festival,Regular,GOLD,false,4,18044.0,4511.0
2025-08-01T10:43:48Z,F005,Nishville Jazz Festival,Regular,GOLD,true,3,18083.91,6027.97
2026-04-10T13:24:48Z,F005,Nishville Jazz Festival,Regular,GOLD,true,1,4242.3,4242.3
2025-09-14T16:50:48Z,F005,Nishville Jazz Festival,Regular,GOLD,true,1,4301.1,4301.1
2025-02-19T11:56:48Z,F005,Nishville Jazz Festival,Regular,GOLD,false,3,13737.0,4579.0
2024-12-13T17:46:48Z,F005,Nishville Jazz Festival,Regular,GOLD,false,4,21076.0,5269.0
2025-11-06T15:39:48Z,F005,Nishville Jazz Festival,Fan Pit Pass,BRONZE,false,2,19010.0,9505.0
2025-01-07T12:03:48Z,F005,Nishville Jazz Festival,Fan Pit Pass,BRONZE,true,2,15079.44,7539.72
2025-05-24T03:59:48Z,F005,Nishville Jazz Festival,Fan Pit Pass,BRONZE,false,1,9577.0,9577.0
2025-02-24T06:49:48Z,F005,Nishville Jazz Festival,Fan Pit Pass,BRONZE,false,2,14768.0,7384.0
2025-09-15T11:11:48Z,F005,Nishville Jazz Festival,Fan Pit Pass,BRONZE,false,1,8989.0,8989.0
2025-05-05T16:40:48Z,F005,Nishville Jazz Festival,Fan Pit Pass,BRONZE,false,2,18278.0,9139.0
2025-07-31T17:28:48Z,F005,Nishville Jazz Festival,Fan Pit Pass,BRONZE,false,1,10486.0,10486.0
2025-02-26T06:55:48Z,F005,Nishville Jazz Festival,Fan Pit Pass,BRONZE,false,1,9441.0,9441.0
2026-01-28T14:32:48Z,F005,Nishville Jazz Festival,Fan Pit Pass,BRONZE,true,1,6940.94,6940.94
2025-11-20T03:58:48Z,F005,Nishville Jazz Festival,Fan Pit Pass,BRONZE,true,1,6503.05,6503.05
2026-04-03T11:47:48Z,F005,Nishville Jazz Festival,Fan Pit Pass,SILVER,false,1,8991.0,8991.0
2026-01-05T17:33:48Z,F005,Nishville Jazz Festival,Fan Pit Pass,SILVER,true,2,11472.96,5736.48
2026-03-06T15:00:48Z,F005,Nishville Jazz Festival,Fan Pit Pass,SILVER,true,1,6525.56,6525.56
2025-11-29T15:56:48Z,F005,Nishville Jazz Festival,Fan Pit Pass,SILVER,false,2,18806.0,9403.0
2025-09-01T05:33:48Z,F005,Nishville Jazz Festival,Fan Pit Pass,SILVER,false,2,20172.0,10086.0
2025-08-06T08:50:48Z,F005,Nishville Jazz Festival,Fan Pit Pass,SILVER,false,1,9211.0,9211.0
2024-12-12T03:10:48Z,F005,Nishville Jazz Festival,Fan Pit Pass,SILVER,true,2,12958.88,6479.44
2026-03-03T13:31:48Z,F005,Nishville Jazz Festival,Fan Pit Pass,SILVER,true,2,16093.8,8046.9
2025-03-06T03:55:48Z,F005,Nishville Jazz Festival,Fan Pit Pass,SILVER,false,1,8776.0,8776.0
2025-04-05T05:22:48Z,F005,Nishville Jazz Festival,Fan Pit Pass,SILVER,false,1,9255.0,9255.0
2025-06-09T06:01:48Z,F005,Nishville Jazz Festival,Fan Pit Pass,SILVER,false,2,15284.0,7642.0
2025-02-17T17:16:48Z,F005,Nishville Jazz Festival,Fan Pit Pass,SILVER,false,2,19178.0,9589.0
2025-10-29T10:27:48Z,F005,Nishville Jazz Festival,Fan Pit Pass,SILVER,false,2,18148.0,9074.0
2025-12-28T14:38:48Z,F005,Nishville Jazz Festival,Fan Pit Pass,SILVER,false,2,19180.0,9590.0
2025-08-30T07:45:48Z,F005,Nishville Jazz Festival,Fan Pit Pass,GOLD,false,2,16944.0,8472.0
2025-06-02T17:23:48Z,F005,Nishville Jazz Festival,Fan Pit Pass,GOLD,true,4,24144.0,6036.0
2026-02-27T10:23:48Z,F005,Nishville Jazz Festival,Fan Pit Pass,GOLD,false,1,7284.0,7284.0
2025-08-15T16:18:48Z,F005,Nishville Jazz Festival,Fan Pit Pass,GOLD,false,2,21508.0,10754.0
2024-12-02T03:59:48Z,F005,Nishville Jazz Festival,Fan Pit Pass,GOLD,false,2,16274.0,8137.0
2026-01-06T02:49:48Z,F005,Nishville Jazz Festival,Fan Pit Pass,GOLD,false,4,35592.0,8898.0
2026-01-19T04:51:48Z,F005,Nishville Jazz Festival,Fan Pit Pass,GOLD,false,4,30968.0,7742.0
2026-04-09T05:53:48Z,F005,Nishville Jazz Festival,Fan Pit Pass,GOLD,false,3,25455.0,8485.0
2025-10-08T14:20:48Z,F005,Nishville Jazz Festival,Fan Pit Pass,GOLD,false,1,8717.0,8717.0
2025-11-15T05:10:48Z,F005,Nishville Jazz Festival,Fan Pit Pass,GOLD,false,3,24909.0,8303.0
2025-05-31T03:41:48Z,F005,Nishville Jazz Festival,Fan Pit Pass,GOLD,false,3,26358.0,8786.0
2025-03-21T13:48:48Z,F005,Nishville Jazz Festival,Fan Pit Pass,GOLD,false,4,29616.0,7404.0
2025-04-24T03:29:48Z,F005,Nishville Jazz Festival,Fan Pit Pass,GOLD,false,2,14522.0,7261.0
2025-02-04T11:48:48Z,F005,Nishville Jazz Festival,Fan Pit Pass,GOLD,false,4,33924.0,8481.0
2024-12-18T03:38:48Z,F005,Nishville Jazz Festival,Fan Pit Pass,GOLD,false,1,7335.0,7335.0
2025-07-06T17:00:48Z,F005,Nishville Jazz Festival,Fan Pit Pass,GOLD,false,2,21364.0,10682.0
2025-07-28T04:19:48Z,F005,Nishville Jazz Festival,Fan Pit Pass,GOLD,false,4,41240.0,10310.0
2026-03-29T03:32:48Z,F005,Nishville Jazz Festival,Fan Pit Pass,GOLD,true,2,14390.46,7195.23
2025-10-12T05:46:48Z,F005,Nishville Jazz Festival,Backstage Experience,BRONZE,false,1,27084.0,27084.0
2025-03-20T05:48:48Z,F005,Nishville Jazz Festival,Backstage Experience,BRONZE,true,1,23456.94,23456.94
2025-11-12T14:37:48Z,F005,Nishville Jazz Festival,Backstage Experience,BRONZE,false,1,23406.0,23406.0
2025-07-08T03:54:48Z,F005,Nishville Jazz Festival,Backstage Experience,BRONZE,true,1,24086.48,24086.48
2026-01-31T08:01:48Z,F005,Nishville Jazz Festival,Backstage Experience,BRONZE,false,1,25274.0,25274.0
2025-01-12T06:23:48Z,F005,Nishville Jazz Festival,Backstage Experience,BRONZE,false,2,56866.0,28433.0
2024-12-18T17:22:48Z,F005,Nishville Jazz Festival,Backstage Experience,BRONZE,false,1,22548.0,22548.0
2025-09-18T16:01:48Z,F005,Nishville Jazz Festival,Backstage Experience,BRONZE,false,2,65678.0,32839.0
2025-07-01T06:57:48Z,F005,Nishville Jazz Festival,Backstage Experience,BRONZE,false,2,56424.0,28212.0
2025-05-29T03:55:48Z,F005,Nishville Jazz Festival,Backstage Experience,BRONZE,false,2,47700.0,23850.0
2025-03-02T11:39:48Z,F005,Nishville Jazz Festival,Backstage Experience,SILVER,true,1,19230.75,19230.75
2025-03-09T14:12:48Z,F005,Nishville Jazz Festival,Backstage Experience,SILVER,false,1,28208.0,28208.0
2025-07-03T10:20:48Z,F005,Nishville Jazz Festival,Backstage Experience,SILVER,false,1,27546.0,27546.0
2026-04-01T17:28:48Z,F005,Nishville Jazz Festival,Backstage Experience,SILVER,true,1,20143.3,20143.3
2025-07-04T15:33:48Z,F005,Nishville Jazz Festival,Backstage Experience,SILVER,true,2,45437.64,22718.82
2025-05-31T08:07:48Z,F005,Nishville Jazz Festival,Backstage Experience,SILVER,true,1,19537.48,19537.48
2026-03-02T12:43:48Z,F005,Nishville Jazz Festival,Backstage Experience,SILVER,true,2,42224.16,21112.08
2025-07-23T05:32:48Z,F005,Nishville Jazz Festival,Backstage Experience,SILVER,false,1,32238.0,32238.0
2025-07-15T04:47:48Z,F005,Nishville Jazz Festival,Backstage Experience,SILVER,false,1,30921.0,30921.0
2025-04-29T09:16:48Z,F005,Nishville Jazz Festival,Backstage Experience,SILVER,false,1,27071.0,27071.0
2025-04-20T17:03:48Z,F005,Nishville Jazz Festival,Backstage Experience,SILVER,false,2,47912.0,23956.0
2025-06-27T12:25:48Z,F005,Nishville Jazz Festival,Backstage Experience,SILVER,false,1,22741.0,22741.0
2025-03-25T16:46:48Z,F005,Nishville Jazz Festival,Backstage Experience,SILVER,true,2,44095.64,22047.82
2025-05-11T07:53:48Z,F005,Nishville Jazz Festival,Backstage Experience,SILVER,true,1,22927.52,22927.52
2026-04-16T08:54:48Z,F005,Nishville Jazz Festival,Backstage Experience,GOLD,false,4,104204.0,26051.0
2026-02-13T09:32:48Z,F005,Nishville Jazz Festival,Backstage Experience,GOLD,false,2,49910.0,24955.0
2025-05-03T02:43:48Z,F005,Nishville Jazz Festival,Backstage Experience,GOLD,false,1,29851.0,29851.0
2026-05-02T03:44:48Z,F005,Nishville Jazz Festival,Backstage Experience,GOLD,false,4,105932.0,26483.0
2025-03-12T16:48:48Z,F005,Nishville Jazz Festival,Backstage Experience,GOLD,false,1,24304.0,24304.0
2026-01-22T08:25:48Z,F005,Nishville Jazz Festival,Backstage Experience,GOLD,false,2,50376.0,25188.0
2025-03-04T02:47:48Z,F005,Nishville Jazz Festival,Backstage Experience,GOLD,false,2,55036.0,27518.0
2024-12-26T16:46:48Z,F005,Nishville Jazz Festival,Backstage Experience,GOLD,true,4,87130.12,21782.53
2026-03-22T03:12:48Z,F005,Nishville Jazz Festival,Backstage Experience,GOLD,false,4,108820.0,27205.0
2025-11-07T03:35:48Z,F005,Nishville Jazz Festival,Backstage Experience,GOLD,false,3,77082.0,25694.0
2025-07-02T04:56:48Z,F005,Nishville Jazz Festival,Backstage Experience,GOLD,false,1,33472.0,33472.0
2025-12-09T03:24:48Z,F005,Nishville Jazz Festival,Backstage Experience,GOLD,false,4,101488.0,25372.0
2025-12-11T13:28:48Z,F005,Nishville Jazz Festival,Backstage Experience,GOLD,false,1,27361.0,27361.0
2025-06-29T06:38:48Z,F005,Nishville Jazz Festival,Backstage Experience,GOLD,false,1,24290.0,24290.0
2025-07-04T09:37:48Z,F005,Nishville Jazz Festival,Backstage Experience,GOLD,false,3,86751.0,28917.0
2026-02-08T10:20:48Z,F005,Nishville Jazz Festival,Backstage Experience,GOLD,false,3,68925.0,22975.0
2026-04-29T05:47:48Z,F005,Nishville Jazz Festival,Backstage Experience,GOLD,false,3,83472.0,27824.0
2025-12-13T04:29:48Z,F005,Nishville Jazz Festival,Backstage Experience,GOLD,true,4,98075.04,24518.76
2025-06-03T11:21:48Z,F005,Nishville Jazz Festival,Day Pass,BRONZE,true,2,4924.48,2462.24
2025-05-05T08:50:48Z,F005,Nishville Jazz Festival,Day Pass,BRONZE,false,1,3557.0,3557.0
2025-04-16T17:39:48Z,F005,Nishville Jazz Festival,Day Pass,BRONZE,false,1,3078.0,3078.0
2025-02-04T03:12:48Z,F005,Nishville Jazz Festival,Day Pass,BRONZE,false,2,6844.0,3422.0
2025-11-18T12:48:48Z,F005,Nishville Jazz Festival,Day Pass,BRONZE,false,2,6468.0,3234.0
2025-04-16T11:27:48Z,F005,Nishville Jazz Festival,Day Pass,BRONZE,false,1,3410.0,3410.0
2025-09-23T03:26:48Z,F005,Nishville Jazz Festival,Day Pass,BRONZE,false,2,6940.0,3470.0
2025-05-15T11:28:48Z,F005,Nishville Jazz Festival,Day Pass,BRONZE,true,1,3146.88,3146.88
2025-10-22T06:45:48Z,F005,Nishville Jazz Festival,Day Pass,BRONZE,true,1,2317.86,2317.86
2025-10-22T13:26:48Z,F005,Nishville Jazz Festival,Day Pass,BRONZE,false,1,3036.0,3036.0
2025-04-05T02:42:48Z,F005,Nishville Jazz Festival,Day Pass,SILVER,false,1,3538.0,3538.0
2025-10-25T06:17:48Z,F005,Nishville Jazz Festival,Day Pass,SILVER,false,2,7146.0,3573.0
2025-09-30T18:14:48Z,F005,Nishville Jazz Festival,Day Pass,SILVER,false,1,3405.0,3405.0
2026-02-27T13:01:48Z,F005,Nishville Jazz Festival,Day Pass,SILVER,false,2,5602.0,2801.0
2025-04-23T05:36:48Z,F005,Nishville Jazz Festival,Day Pass,SILVER,false,1,2722.0,2722.0
2025-03-06T12:20:48Z,F005,Nishville Jazz Festival,Day Pass,SILVER,false,1,3247.0,3247.0
2025-07-17T10:29:48Z,F005,Nishville Jazz Festival,Day Pass,SILVER,false,2,6256.0,3128.0
2025-03-01T14:29:48Z,F005,Nishville Jazz Festival,Day Pass,SILVER,false,1,3141.0,3141.0
2025-12-06T14:26:48Z,F005,Nishville Jazz Festival,Day Pass,SILVER,false,2,6688.0,3344.0
2025-12-18T02:35:48Z,F005,Nishville Jazz Festival,Day Pass,SILVER,false,2,6020.0,3010.0
2025-03-01T09:03:48Z,F005,Nishville Jazz Festival,Day Pass,SILVER,false,2,6998.0,3499.0
2025-09-23T08:08:48Z,F005,Nishville Jazz Festival,Day Pass,SILVER,false,2,7716.0,3858.0
2026-01-30T07:10:48Z,F005,Nishville Jazz Festival,Day Pass,SILVER,true,1,2743.8,2743.8
2026-05-23T12:21:48Z,F005,Nishville Jazz Festival,Day Pass,SILVER,true,2,5947.2,2973.6
2025-09-07T15:28:48Z,F005,Nishville Jazz Festival,Day Pass,GOLD,true,2,5740.8,2870.4
2025-09-24T17:19:48Z,F005,Nishville Jazz Festival,Day Pass,GOLD,false,3,11871.0,3957.0
2025-10-09T17:52:48Z,F005,Nishville Jazz Festival,Day Pass,GOLD,true,2,6058.8,3029.4
2025-08-27T11:57:48Z,F005,Nishville Jazz Festival,Day Pass,GOLD,true,4,12697.6,3174.4
2025-09-22T15:28:48Z,F005,Nishville Jazz Festival,Day Pass,GOLD,true,2,5710.12,2855.06
2026-04-20T04:55:48Z,F005,Nishville Jazz Festival,Day Pass,GOLD,false,4,13484.0,3371.0
2025-08-23T18:01:48Z,F005,Nishville Jazz Festival,Day Pass,GOLD,false,3,11856.0,3952.0
2024-12-19T10:27:48Z,F005,Nishville Jazz Festival,Day Pass,GOLD,false,2,6446.0,3223.0
2025-04-19T13:27:48Z,F005,Nishville Jazz Festival,Day Pass,GOLD,false,3,8244.0,2748.0
2025-12-01T03:35:48Z,F005,Nishville Jazz Festival,Day Pass,GOLD,false,1,2962.0,2962.0
2025-06-07T05:55:48Z,F005,Nishville Jazz Festival,Day Pass,GOLD,false,3,10131.0,3377.0
2025-10-06T11:00:48Z,F005,Nishville Jazz Festival,Day Pass,GOLD,true,3,8087.04,2695.68
2025-04-28T02:25:48Z,F005,Nishville Jazz Festival,Day Pass,GOLD,false,3,9498.0,3166.0
2026-01-27T13:15:48Z,F005,Nishville Jazz Festival,Day Pass,GOLD,true,1,2886.4,2886.4
2025-06-12T05:43:48Z,F005,Nishville Jazz Festival,Day Pass,GOLD,true,1,2740.32,2740.32
2024-12-19T17:39:48Z,F005,Nishville Jazz Festival,Day Pass,GOLD,true,3,7420.2,2473.4
2026-05-21T12:28:48Z,F005,Nishville Jazz Festival,Day Pass,GOLD,false,1,3339.0,3339.0
2025-04-02T09:25:48Z,F005,Nishville Jazz Festival,Day Pass,GOLD,false,2,6942.0,3471.0
